"","events_0","durations_0"
"1",1500625,3617
"2",1553576,2184
"3",1652411,3850
"4",1659811,3350
"5",1690961,3801
"6",1698912,3783
"7",1750696,3567
"8",1759813,2533
"9",1767463,4533
"10",1804913,2901
"11",1812563,4517
"12",1833730,2284
"13",1859131,2633
"14",1918732,2450
"15",1933782,4867
"16",1980733,2283
"17",1994766,2200
"18",2001800,2950
"19",2028250,3684
"20",2042784,2933
"21",2049634,2433
"22",2130402,3017
"23",2302438,2200
"24",2351539,2600
"25",2384406,4233
"26",2392172,2784
"27",2400473,3750
"28",2433240,2467
"29",2461690,2067
"30",2482574,3200
"31",2521225,2516
"32",2528258,3367
"33",2535275,3383
"34",2542275,1883
"35",2580559,1883
"36",2588059,5200
"37",2660960,1950
"38",2742545,1833
"39",2749412,2333
"40",2820463,2317
"41",2858447,2083
"42",2892664,2117
"43",2914847,1751
"44",2929614,2217
"45",2943865,3483
"46",2950698,2467
"47",2965365,2267
"48",2988815,7934
