"","V1","V2","V3","V4","V5","V6","V7","V8","V9","V10"
"1",241,14903665,1003.7,1,826.9,421.4,30,3.92,496.5,14903694
"2",191,14903902,895.1,1,1008.8,499.7,25,2.37,524.2,14903926
"3",1606,14904016,904.3,1,905.7,539.4,148,0.63,508.8,14904163
"4",82,14904452,952.7,1,915.8,522,14,0.8,536,14904465
"5",93,14905071,929.5,1,948.4,543.3,20,0.44,533.3,14905090
"6",359,14905521,1426.4,1,933.8,526.6,46,9.9,542.8,14905566
"7",562,14905769,437,1,1413.7,546.3,59,19.37,481,14905827
"8",549,14906169,1407.1,1,467.4,492.4,59,18.68,458.5,14906227
"9",59,14906642,1383.1,1,1393.7,463.6,12,0.59,436.7,14906653
"10",1277,14907116,849,1,1387.3,440.5,160,10.86,433.9,14907275
"11",270,14907530,989.2,1,856.6,431.7,26,3.24,518,14907555
"12",1053,14907639,1036.1,1,998,523.2,154,0.79,515.5,14907792
"13",634,14908579,951.4,1,1032,512.4,155,1.65,505.4,14908733
"14",110,14909298,1005.8,1,961.5,506.2,21,0.93,517,14909318
"15",162,14909688,937.8,1,1003.7,518.2,31,1.35,513.7,14909718
"16",69,14910201,959.2,1,928.8,510.3,11,0.63,516.3,14910211
"17",101,14910546,915.2,1,950.5,520.7,36,0.73,515.4,14910581
"18",47,14910987,945.9,1,928.1,522.2,10,0.43,533,14910996
"19",57,14911225,936.3,1,949.1,517.3,17,0.32,526.4,14911241
"20",80,14912111,922.4,1,926.6,535.4,26,0.09,534.9,14912136
"21",107,14912349,909.1,1,920.8,537.3,33,0.77,501.8,14912381
"22",432,14912416,414,1,918.9,503.3,43,10.11,477.1,14912458
"23",100,14912672,446,1,431,489.3,16,1.01,537.2,14912687
"24",540,14912823,1477.2,1,448.1,531,63,20.32,479.3,14912885
"25",112,14913208,1419.6,1,1473.5,484.8,19,1.1,498.9,14913226
"26",205,14914134,1183.7,1,1401.4,499.7,37,4.38,487.7,14914170
"27",275,14914408,957.5,1,1184,487.3,32,4.62,506.2,14914439
"28",45,14915031,972,1,956.7,511.5,7,0.31,511,14915037
"29",43,14917137,968.3,1,948.6,525.6,15,0.47,537.3,14917151
"30",159,14917940,881.4,1,973.8,525,22,1.89,535.6,14917961
"31",124,14918105,953.2,1,889.4,538.4,20,1.3,543,14918124
"32",290,14919242,1356.2,1,932.7,532.5,47,8.57,501.1,14919288
"33",474,14919581,480.5,1,1351.6,509.9,60,17.34,496.1,14919640
"34",1084,14920671,904.4,1,495.9,498.4,212,8.22,516.8,14920882
"35",147,14921351,999.8,1,916.1,507.4,21,1.72,517.9,14921371
"36",49,14921888,979.4,1,991.2,508.4,16,0.37,521.9,14921903
"37",61,14922662,1032.7,1,979.2,529.6,22,1.09,524.6,14922683
"38",213,14923503,866.7,1,1023.9,519.6,30,3.2,514,14923532
"39",153,14924064,962.3,1,872.4,512.7,22,1.83,514.5,14924085
"40",141,14924873,904.8,1,964.4,506.6,23,1.31,531,14924895
"41",51,14925372,943.8,1,923.8,543.4,9,0.42,548.2,14925380
"42",240,14926000,1307.8,1,951,547.3,48,7.22,527.6,14926047
"43",206,14926189,1471.4,1,1307.5,527.7,29,3.28,511.5,14926217
"44",591,14926295,478.8,1,1472,511.1,62,19.63,493.8,14926356
"45",510,14926725,1505.3,1,507.4,501.3,63,19.72,502.9,14926787
"46",166,14927444,1375,1,1472.3,509.7,23,1.97,529,14927466
"47",91,14927785,1374.1,1,1357.7,533.9,17,1.14,587.4,14927801
"48",158,14928112,1454.8,1,1354.2,591.3,24,2.07,619.6,14928135
"49",400,14928314,948.9,1,1467.6,619.9,47,10.38,595.9,14928360
"50",1215,14929501,642.1,1,955.9,617.1,171,6.46,555.7,14929671
"51",314,14930000,1106.3,1,677.2,540.1,47,8.68,538.8,14930046
"52",173,14930485,1254.7,1,1098.6,539.1,39,3.5,613.8,14930523
"53",251,14930738,891.8,1,1243.3,616.8,48,7.13,586.5,14930785
"54",317,14930814,659.2,1,897,587.8,38,5.3,479.5,14930851
"55",114,14931732,909.8,1,946.3,510.1,22,0.95,538.6,14931753
"56",45,14931995,933.2,1,920.5,549.7,6,0.26,549.8,14932000
"57",318,14932893,562.1,1,935.3,549,47,7.65,484.6,14932939
"58",91,14933126,558,1,575.8,492.3,17,1.15,438.7,14933142
"59",502,14933404,1388.5,1,563.3,431.1,56,16.53,490.7,14933459
"60",117,14933729,1322.7,1,1380.9,489.8,18,1.18,499.1,14933746
"61",339,14934658,921.1,1,1312.5,504.8,44,7.92,499.5,14934701
"62",54,14936517,939.4,1,920.1,520.1,7,0.39,519.4,14936523
"63",147,14936873,847.6,1,933.3,514.6,22,1.74,517.9,14936894
"64",144,14937326,937.9,1,852.4,506.6,21,1.75,515.1,14937346
"65",45,14938308,932.6,1,919.9,516.5,9,0.27,520.8,14938316
"66",234,14939748,1218,1,931,531,41,5.83,516.8,14939788
"67",161,14939965,1313.9,1,1219.8,519.4,22,1.89,520.7,14939986
"68",531,14940077,450.7,1,1316.5,518,57,17.24,497.2,14940133
"69",868,14940560,1062.3,1,465.3,507.4,270,12,472,14940829
"70",169,14941952,1187,1,1040.6,459.5,35,3.02,434.7,14941986
"71",260,14942837,944.9,1,1165.6,429.3,41,4.53,457.5,14942877
"72",83,14943333,992.1,1,956.2,461.2,18,0.74,467.5,14943350
"73",48,14943906,983.5,1,967,491.3,7,0.35,495.1,14943912
"74",121,14944175,935.5,1,990.8,479.4,22,1.13,484.3,14944196
"75",134,14945463,904.6,1,958,494.2,21,1.39,536.3,14945483
"76",357,14946675,426.2,1,930.8,529.7,49,10.15,481.5,14946723
"77",495,14947021,1296.1,1,437.5,491.5,56,17.1,484,14947076
"78",219,14947306,1473.9,1,1294.1,484,27,3.58,480.4,14947332
"79",114,14947650,1437.2,1,1499.1,476.9,19,1.22,479.1,14947668
"80",517,14948202,404.9,1,1423.5,477.3,64,20.11,494.1,14948265
"81",212,14948613,583.5,1,438.2,503.9,24,2.91,485.8,14948636
"82",465,14948838,1385.7,1,635.7,478.8,54,15.03,511.8,14948891
"83",205,14949365,1562.1,1,1382.8,516.5,30,3.53,519.4,14949394
"84",314,14949939,1124.7,1,1533.5,527.8,49,8.14,532.7,14949987
"85",253,14951000,943.9,1,1119.5,522.6,25,3.59,507.6,14951024
"86",176,14951620,1071.7,1,914.7,494.7,35,3.21,505.6,14951654
"87",225,14952268,921.4,1,1067.3,513.5,25,2.99,531.3,14952292
"88",66,14952532,956.4,1,926,537.6,11,0.62,539.8,14952542
"89",64,14952898,944.9,1,953.5,540.6,20,0.27,530.5,14952917
"90",373,14953472,398,1,945.3,533.3,51,11,475.4,14953522
"91",544,14953780,1388.2,1,412,477.1,59,19.36,427.7,14953838
"92",201,14954061,1513.7,1,1395,423.3,23,2.38,404.7,14954083
"93",324,14954706,1091.7,1,1485.1,407.7,49,7.92,442.7,14954754
"94",174,14955007,994.9,1,1092.5,445.9,22,2.13,482.2,14955028
"95",120,14957371,1037.3,1,982.4,485.4,19,1.31,518.6,14957389
"96",50,14957674,1055.8,1,1042.9,507.5,15,0.6,533.5,14957688
"97",56,14958070,1085.1,1,1064.3,527.2,9,0.46,536,14958078
"98",73,14958910,1056.4,1,1082.1,531.3,18,0.54,537.6,14958927
"99",193,14959122,936.1,1,1066.4,525.5,26,2.67,539.8,14959147
"100",69,14959906,947.3,1,967.4,543.9,18,0.43,538.2,14959923
"101",376,14960295,523.1,1,953.5,528.8,45,8.67,550.5,14960339
"102",155,14960604,428.9,1,524.7,552.2,22,1.93,569.8,14960625
"103",525,14960801,1335,1,435.4,575.3,58,17.91,502.6,14960858
"104",189,14961085,1410.9,1,1336.4,500.6,25,2.19,422.3,14961109
"105",254,14961739,1121.3,1,1389.6,421.6,44,5.45,454.4,14961782
"106",233,14962031,956.1,1,1109.5,456.8,25,3.21,492.7,14962055
"107",189,14962346,797.9,1,917.3,494.7,24,2.47,517.2,14962369
"108",1165,14962904,720,1,802.6,534.3,194,1.91,489.1,14963097
"109",243,14963162,939.4,1,744.7,465.1,29,3.98,483.7,14963190
"110",114,14963665,935,1,989.9,483.9,21,1.12,484.8,14963685
"111",50,14963974,942.1,1,924.8,479.8,7,0.36,482.1,14963980
"112",64,14964248,983.9,1,955.5,471.1,11,0.59,476.7,14964258
"113",120,14965185,896.9,1,949.7,495.6,22,1.08,494.7,14965206
"114",98,14965707,959.6,1,905.4,490.5,18,1.13,501.4,14965724
"115",103,14965990,924.7,1,952.8,496.6,20,1.33,555,14966009
"116",57,14966289,956.8,1,932.1,553.6,10,0.51,557.9,14966298
"117",115,14966575,907.4,1,960.9,546.6,22,1.1,539.7,14966596
"118",72,14966842,951,1,915.1,534.1,14,0.74,540.1,14966855
"119",210,14967120,643,1,947.2,537.8,45,6.19,508,14967164
"120",188,14967325,538.4,1,649.7,516.3,24,2.36,478.7,14967348
"121",500,14967501,1364.7,1,545.8,482.6,56,16.35,503.6,14967556
"122",54,14968360,1351.8,1,1335.8,503.3,15,0.5,522.2,14968374
"123",241,14968938,1104,1,1332.7,526.5,41,4.62,546.3,14968978
"124",179,14969289,994.8,1,1100,547.4,22,2.14,547.2,14969310
"125",133,14971805,895.4,1,961.9,538.4,19,1.36,544.2,14971823
"126",58,14973677,920.6,1,933.3,546.1,19,0.33,536,14973695
"127",347,14973970,451.2,1,926.6,535.1,47,9.57,493.8,14974016
"128",125,14974345,473.2,1,455.2,496.7,21,1.77,411.9,14974365
"129",513,14974493,1380.9,1,478.9,398.7,59,18.03,479.5,14974551
"130",180,14974842,1480.7,1,1372,476.7,24,2.17,486.7,14974865
"131",96,14975122,1442.5,1,1490,483.7,16,1.04,461.3,14975137
"132",541,14975549,474.2,1,1445,454.1,60,19.24,489.7,14975608
"133",173,14976340,618.4,1,492.2,487.8,26,2.55,506.5,14976365
"134",225,14976620,852.7,1,662.3,495.8,31,3.86,505.9,14976650
"135",504,14976672,1047.4,1,898.2,520.6,194,3.05,536.3,14976865
"136",58,14977673,1080.9,1,1056.6,491.6,12,0.59,507.4,14977684
"137",268,14978018,858.5,1,1080.9,517.6,40,4.54,500.5,14978057
"138",170,14978581,964.4,1,862.8,488.3,23,2.21,526.4,14978603
"139",43,14979397,961.8,1,965.5,518.1,16,0.15,524.5,14979412
"140",133,14979688,911.4,1,959.6,514.9,23,1.01,525.9,14979710
"141",81,14980136,973.9,1,921.1,527.5,17,1.11,541.5,14980152
"142",153,14980358,902.7,1,973.8,537.4,25,1.45,534.7,14980382
"143",48,14980726,949.5,1,930.6,539.8,12,0.52,556.9,14980737
"144",414,14980844,418.1,1,949.3,555.7,48,10.75,479.4,14980891
"145",523,14981142,1395.4,1,437.2,504.7,60,19,486.7,14981201
"146",324,14981957,892.7,1,1373.8,480.7,62,10.41,669.5,14982018
"147",82,14982212,957.6,1,904.3,661.9,18,1.09,667.7,14982229
"148",124,14982544,925.2,1,984.2,661.1,38,3.04,524.7,14982581
"149",178,14982710,1041.5,1,932.9,534.6,23,2.22,523.7,14982732
"150",181,14983122,938.8,1,1041.3,519.5,24,2.09,525.7,14983145
"151",139,14983980,1009.6,1,952.1,527.1,22,1.21,540.9,14984001
"152",171,14984739,902.8,1,990.3,532.8,26,1.78,536.6,14984764
"153",136,14985491,1009.5,1,921.4,543.2,22,1.8,552.5,14985512
"154",172,14986271,906.1,1,1005.3,554.6,22,2.02,557.5,14986292
"155",92,14987325,905.1,1,927.9,545.9,22,0.59,528,14987346
"156",269,14987670,457.1,1,901.4,529.6,50,9.02,461.5,14987719
"157",511,14987915,1348,1,471.6,470,67,17.46,467.9,14987981
"158",554,14988259,415.6,1,1360.8,471.1,67,18.76,443,14988325
"159",1881,14988899,1034.4,1,410.7,441.9,244,12.51,465.8,14989142
"160",660,14989600,1040.4,1,1068.9,499.8,186,1,539.2,14989785
"161",284,14990963,792,1,1036.9,531,39,5.05,492.6,14991001
"162",292,14991370,177.7,1,794.6,492.2,67,12.23,406.3,14991436
"163",207,14991744,-19.8,1,191.9,415.8,42,4.83,274.7,14991785
"164",108,14992049,51.2,1,-11.3,276.3,18,1.15,270.9,14992066
"165",382,14992686,885.8,1,41.7,279.9,97,16.51,376.6,14992782
"166",95,14993202,899.9,1,880.7,387.8,23,1.31,448,14993224
"167",197,14993386,899.8,1,908.5,441.8,26,2.61,568.1,14993411
"168",38,14993701,898.5,1,907.7,567.9,7,0.25,559.7,14993707
"169",1185,14993821,931.7,1,910.2,579.2,93,0.59,560.1,14993913
"170",49,14994194,917.2,1,933,524.1,9,0.39,534.6,14994202
"171",354,14995187,537,1,916.6,532.8,42,7.67,502,14995228
"172",489,14995566,1429.4,1,539.4,508.5,59,17.71,477,14995624
"173",406,14996527,805.6,1,1401.1,472.2,57,12.01,438.6,14996583
"174",212,14996842,927.7,1,809.2,447,24,2.58,490.6,14996865
"175",95,14997163,919.9,1,945.9,479.8,21,0.75,505.8,14997183
"176",71,14997614,960.3,1,925.1,515.8,18,0.89,541,14997631
"177",72,14998035,937,1,952.3,530.3,20,0.32,527.3,14998054
"178",125,14998714,911.6,1,962.7,524.5,22,1.05,531.3,14998735
"179",147,14998995,1002.5,1,915.2,530.2,22,1.78,534.6,14999016
"180",88,14999357,967.7,1,996.2,521.5,22,0.59,526.4,14999378
"181",102,14999783,956.5,1,959.1,526.1,28,0.18,517.8,14999810
"182",70,15000828,944,1,961.7,522.4,18,0.39,529.5,15000845
"183",91,15001035,912.5,1,942.8,529.6,21,0.65,539,15001055
"184",292,15002031,530.8,1,930.9,531.1,44,8.07,512.3,15002074
"185",390,15002346,1250.2,1,536.5,523.7,57,14.35,475.2,15002402
"186",127,15002680,1285.4,1,1255.8,475.1,23,1.55,545,15002702
"187",1182,15003518,286.4,1,1265.5,540.9,267,19.28,524.2,15003784
"188",1364,15003993,978.2,1,335.4,539.9,251,12.81,593.8,15004243
"189",263,15004724,1204.6,1,977.8,563.7,40,4.6,563,15004763
"190",133,15005004,1273.4,1,1190.7,562.9,21,1.67,557.3,15005024
"191",134,15005349,1412.1,1,1296,542.5,37,2.55,594.5,15005385
"192",177,15005739,1294.9,1,1388.1,593.5,21,1.9,612.8,15005759
"193",235,15006013,1391.7,1,1284.6,619.1,36,4.79,833.8,15006048
"194",343,15006249,870.7,1,1389.4,829.8,68,14.16,353.9,15006316
"195",84,15007595,890.9,1,853,395.8,16,0.81,407.9,15007610
"196",212,15007769,905.2,1,881.7,400.5,29,3.18,552.5,15007797
"197",35,15008725,948.5,1,940.7,549.2,6,0.21,555.9,15008730
"198",349,15008885,514.7,1,950.5,553.4,49,8.81,514,15008933
"199",504,15009271,1424.6,1,528.9,519,60,17.81,495.8,15009330
"200",177,15009609,1552.4,1,1423.4,497.1,26,2.61,528.2,15009634
"201",584,15009933,500.6,1,1547.3,532.3,62,20.58,539.4,15009994
"202",261,15011866,1201,1,507.6,546.4,77,13.93,496.8,15011942
"203",282,15012828,912.6,1,1186,503.8,45,5.55,497.3,15012872
"204",178,15013103,1032.3,1,917.3,498.7,24,2.37,515.2,15013126
"205",150,15013549,980.3,1,1043.7,504.7,24,1.43,534.3,15013572
"206",130,15013843,1049.3,1,981.3,527.1,19,1.39,533.9,15013861
"207",111,15014440,1155.5,1,1061.9,517.2,30,1.91,506.9,15014469
"208",343,15014616,915.2,1,1146.7,505.2,40,4.72,521.5,15014655
"209",79,15014854,939.2,1,902.2,533.3,14,0.78,542.8,15014867
"210",153,15015573,858.2,1,942.9,545.6,20,1.75,559.1,15015592
"211",364,15015769,445.8,1,850.5,547.4,43,8.09,545.5,15015811
"212",115,15016018,443.1,1,457.4,555.8,24,1.74,471,15016041
"213",531,15016163,1376,1,441.2,474.6,58,18.55,461.7,15016220
"214",113,15016962,1421.5,1,1361,468.9,17,1.24,482.8,15016978
"215",190,15017167,1300.9,1,1417.4,486.7,23,2.4,515.3,15017189
"216",98,15017440,1227.3,1,1265.6,515,20,0.98,544.5,15017459
"217",272,15017739,957.4,1,1226.1,541.3,44,5.45,546.2,15017782
"218",117,15018270,1027.9,1,967.7,537.9,17,1.26,523.4,15018286
"219",174,15019007,929.6,1,1031.2,502,24,2.08,513.7,15019030
"220",245,15020171,1131.9,1,917,498.5,34,4.37,501.9,15020204
"221",277,15021240,901.7,1,1077.5,498.4,26,3.61,520,15021265
"222",1145,15021591,821.2,1,909.6,556.7,136,2.03,602.7,15021726
"223",174,15022007,954.4,1,843.6,541.1,24,2.27,551.9,15022030
"224",87,15022289,930.2,1,958.2,554.2,20,0.58,549,15022308
"225",53,15022665,943.5,1,917.8,546,18,0.84,514,15022682
"226",364,15023021,457.4,1,940.6,517.2,47,9.69,526.3,15023067
"227",53,15023248,465.1,1,463.3,527.9,11,0.5,503.5,15023258
"228",540,15023328,1411.9,1,466.4,503.5,67,18.76,458.4,15023394
"229",257,15023928,1192.9,1,1426.8,463.5,40,5.09,560.9,15023967
"230",231,15024259,1046.1,1,1190.7,556,24,2.94,545.1,15024282
"231",199,15024882,903.6,1,1035.8,531.6,25,2.69,531.9,15024906
"232",153,15025406,817.1,1,889.9,528.2,26,1.48,532.3,15025431
"233",260,15025554,1072.5,1,818.8,537.9,41,5.16,543.6,15025594
"234",171,15025826,995,1,1073.7,540.8,30,1.66,520,15025855
"235",52,15026647,998,1,976.9,525.8,9,0.43,525.7,15026655
"236",139,15028607,963.5,1,1006,536.4,29,0.87,537.1,15028635
"237",105,15028834,916.4,1,955.8,537.9,21,0.81,544.2,15028854
"238",44,15029068,940.6,1,927.8,546.1,6,0.26,545.5,15029073
"239",103,15029494,915.3,1,950.5,538.7,23,0.72,536.5,15029516
"240",117,15029755,966.8,1,911.5,527.7,22,1.13,527.1,15029776
"241",419,15029911,467.2,1,960.7,524.6,53,9.98,466.5,15029963
"242",506,15030180,1355.9,1,454.8,478.7,66,17.92,497.8,15030245
"243",150,15030624,1520.3,1,1377.5,502.6,35,2.95,544.1,15030658
"244",270,15031120,1212.1,1,1489.4,540.2,48,5.58,501.2,15031167
"245",288,15031535,962.2,1,1218.9,507.9,41,5.21,506.6,15031575
"246",83,15032686,1002.7,1,958.1,504.5,14,0.92,511.9,15032699
"247",102,15034011,956.3,1,1010.1,494.2,17,1.11,503.1,15034027
"248",132,15035728,919.3,1,970.4,494.1,24,1.21,524.1,15035751
"249",368,15036712,472.5,1,907.7,538.1,44,8.73,533.1,15036755
"250",207,15036948,380.3,1,481,544.7,32,2.01,528.5,15036979
"251",538,15037157,1335.5,1,374.4,542.3,67,19.03,499,15037223
"252",142,15037506,1411.6,1,1364.5,502.8,23,1.1,531.3,15037528
"253",146,15037982,1325.3,1,1411.2,528.7,20,1.72,534.4,15038001
"254",238,15038193,1043,1,1304.2,521.8,48,5.3,499.7,15038240
"255",242,15038361,817.4,1,1047.3,503,40,4.68,498.8,15038400
"256",113,15039114,921.1,1,857.9,515.1,19,1.32,529.4,15039132
"257",156,15039725,959.8,1,926.3,526.4,26,2.37,416.6,15039750
"258",247,15041606,766,1,930.5,414.3,29,3.64,483.4,15041634
"259",226,15042157,949.8,1,757.1,503.7,37,3.93,492.9,15042193
"260",166,15042465,897.7,1,957.5,498.9,25,1.58,547.9,15042489
"261",55,15042856,922.3,1,901.9,558.5,8,0.43,563.6,15042863
"262",54,15043485,917.1,1,927,563.8,18,0.38,548.3,15043502
"263",368,15043669,464,1,912.5,544.7,45,9.09,484.2,15043713
"264",87,15044084,455.7,1,472.5,496.1,21,0.36,503.1,15044104
"265",53,15044519,441.3,1,450.8,515.1,18,0.19,513,15044536
"266",438,15044888,1365.5,1,436.9,505.6,64,18.43,486.3,15044951
"267",159,15045181,1412.4,1,1369.5,491.1,29,1.44,548.1,15045209
"268",1189,15045415,604.4,1,1432.5,544.8,211,16.49,571.1,15045625
"269",990,15045886,1011,1,630.6,559.4,262,7.7,547.8,15046147
"270",82,15047204,986.4,1,1006.3,543.9,22,0.5,529.6,15047225
"271",55,15048247,967.3,1,988.4,504.1,11,0.47,512.8,15048257
"272",142,15049271,921.9,1,991.2,511,24,1.43,522.1,15049294
"273",68,15049846,939.7,1,942.3,541.5,20,0.08,544.7,15049865
"274",405,15050456,476.9,1,923,542.3,53,8.96,531.4,15050508
"275",495,15050769,1405.4,1,476.7,549.9,70,18.45,486.8,15050838
"276",97,15051155,1470.6,1,1438.8,489.9,21,0.63,488.3,15051175
"277",314,15051669,1092.9,1,1451.6,481.7,46,7.2,482.9,15051714
"278",226,15052057,890.1,1,1086.8,501.3,44,4.11,547.2,15052100
"279",155,15052319,1022.8,1,894.6,542.7,35,2.62,533.7,15052353
"280",109,15052960,966.5,1,1018.3,520.8,24,1.08,532.7,15052983
"281",143,15055066,919.9,1,968.2,539,27,0.99,533.5,15055092
"282",61,15055461,945.8,1,918.3,536.9,12,0.57,542.3,15055472
"283",133,15056206,907.2,1,943.5,527.5,29,0.8,542.8,15056234
"284",156,15056349,981.8,1,902.4,544.8,24,1.62,544.9,15056372
"285",179,15056544,899.6,1,971.9,537.6,32,1.48,544.5,15056575
"286",92,15056823,953.5,1,900.8,548.3,19,1.11,562.3,15056841
"287",91,15057129,915.8,1,946.7,550.3,21,0.64,557,15057149
"288",301,15057336,466.7,1,917.9,555.7,50,9.19,478.7,15057385
"289",115,15057549,492.2,1,480.9,499.1,20,1.38,432.6,15057568
"290",504,15057684,1396.4,1,499.1,436.3,66,17.86,444.8,15057749
"291",188,15057972,1342.3,1,1428.2,453.7,23,1.77,475.4,15057994
"292",857,15058416,1315,1,1330.5,494.5,400,1.67,574.8,15058815
"293",859,15058951,858.9,1,862.9,557,193,0.18,564.8,15059143
"294",200,15059694,1036.5,1,897.8,546.7,27,2.83,557,15059720
"295",219,15061003,892.1,1,995.5,541.8,34,2.29,498.1,15061036
"296",93,15062810,883.7,1,907.9,527.6,23,0.49,528.5,15062832
"297",69,15063176,923.9,1,891.3,537.8,14,0.67,543.6,15063189
"298",164,15063599,866.4,1,927.5,543.7,29,1.27,531.4,15063627
"299",213,15063961,710.8,1,851.7,529.1,26,2.87,542.9,15063986
"300",308,15064137,497.5,1,724.3,546.5,30,4.57,522.5,15064166
"301",188,15064350,354.8,1,477.3,530.3,24,2.42,519.8,15064373
"302",539,15064653,1374.4,1,367.9,520.9,62,19.91,463.9,15064714
"303",192,15064934,1463.7,1,1383.3,470.8,33,1.6,472.7,15064966
"304",349,15065439,820.3,1,1463.7,480.3,67,12.9,490.9,15065505
"305",66,15065688,820.9,1,827.5,497.8,21,0.22,506.2,15065708
"306",428,15066281,-43.1,1,824.7,490.5,67,17.35,753.8,15066347
"307",367,15066685,960.8,1,-12.8,750.9,81,19.56,453.9,15066765
"308",502,15067070,1870.8,1,964.6,450,84,19.53,900.5,15067153
"309",178,15067369,1912,1,1875.4,901.6,28,2.24,1016.3,15067396
"310",482,15067617,1145.8,1,1942.9,1004.1,69,18.4,463.4,15067685
"311",339,15068326,841.8,1,1130.4,485.9,44,5.87,482,15068369
"312",125,15068846,901.1,1,848.7,496,22,1.08,502.5,15068867
"313",151,15069846,912.9,1,952.1,507.1,29,1.12,545.5,15069874
"314",44,15070328,934.7,1,919.8,543.4,7,0.3,544.1,15070334
"315",47,15070687,940.8,1,928.3,539.8,17,0.28,534.2,15070703
"316",215,15070974,1232.7,1,929,526.7,45,6.16,520.3,15071018
"317",219,15071182,1370.2,1,1224.6,519.3,25,2.94,534.5,15071206
"318",583,15071375,508.5,1,1376.9,529.7,66,17.33,467.7,15071440
"319",203,15072242,725.7,1,503.3,483.3,42,4.51,516,15072283
"320",84,15073356,768.3,1,726.9,531.8,13,0.84,533.6,15073368
"321",283,15073659,1097.9,1,773.5,524.6,46,6.59,533.8,15073704
"322",130,15074061,1065,1,1105.5,523.8,29,0.89,540,15074089
"323",140,15074407,1021.6,1,1053.9,525.3,30,0.67,518.7,15074436
"324",113,15075034,1036.5,1,1003.8,523.5,24,0.81,546.3,15075057
"325",197,15075604,922.9,1,1032.5,536.9,25,2.26,519.4,15075628
"326",41,15076859,930.1,1,921.6,523.5,14,0.44,543,15076872
"327",360,15077831,508.9,1,914,555.9,54,8.14,547.2,15077884
"328",544,15078078,1394.1,1,496.3,556.2,67,17.88,492.3,15078144
"329",71,15078446,1431,1,1426,508.7,16,0.72,473.8,15078461
"330",602,15078652,468.4,1,1427.1,469.2,64,19,509.3,15078715
"331",159,15079323,599.4,1,472.4,512.5,27,2.53,509.6,15079349
"332",1060,15079483,1150.1,1,632.3,500.8,150,10.58,581.6,15079632
"333",491,15079813,1157,1,1161,576.7,196,0.13,572,15080008
"334",365,15080442,820,1,1204.4,565.7,44,7.8,598.4,15080485
"335",41,15081243,859.3,1,841.2,601.9,18,0.49,586,15081260
"336",142,15081499,959.6,1,864,577,22,1.95,568.1,15081520
"337",146,15082087,902.4,1,985.6,535.1,21,1.71,524.8,15082107
"338",121,15082389,856.4,1,916.8,514.9,24,1.24,523.9,15082412
"339",111,15082926,919.6,1,864.1,504.3,20,1.14,510.3,15082945
"340",46,15083285,820.3,1,816.6,496.2,5,0.08,496.2,15083289
"341",191,15083560,905.7,1,811.1,506.5,25,2.06,541.5,15083584
"342",105,15084058,881.6,1,924.8,541.1,23,0.92,553.7,15084080
"343",182,15084444,993.3,1,883.9,556.2,23,2.22,559.3,15084466
"344",226,15084643,919.5,1,1009.3,553.4,34,1.88,532.4,15084676
"345",458,15084777,425.8,1,908,543.7,55,9.78,466.7,15084831
"346",527,15085038,1329.1,1,421,472.6,67,18.04,484.8,15085104
"347",284,15087536,1019.6,1,1305.5,496,53,5.78,493,15087588
"348",817,15087925,942.9,1,1015.9,529.1,148,1.7,489.2,15088072
"349",685,15088261,1037,1,944.2,486.9,157,1.89,489,15088417
"350",160,15088957,985.3,1,1040.4,500.6,31,1.15,488.3,15088987
"351",108,15089775,1010.9,1,959.1,494,21,1.08,504.5,15089795
"352",122,15090294,934.7,1,998.2,501.1,23,1.29,502.7,15090316
"353",181,15090463,895.1,1,952.9,502.8,30,1.34,533.5,15090492
"354",379,15091624,511,1,906.2,551.9,52,8.01,502.8,15091675
"355",538,15091861,1382.9,1,494.7,507,65,17.69,468.5,15091925
"356",204,15092194,1321.1,1,1404,482.1,30,1.66,481.9,15092223
"357",717,15093675,915.7,1,1261.6,485.8,224,7.04,456.4,15093898
"358",576,15094085,1045.6,1,910.8,482.6,206,2.78,502.3,15094290
"359",1130,15094558,1025.1,1,1043.4,519.5,150,0.73,489,15094707
"360",768,15095013,1089.6,1,1023.9,493.8,178,1.34,495.5,15095190
"361",53,15095815,1070.4,1,1052.1,470.3,15,0.63,495,15095829
"362",661,15095921,1040.4,1,1071.8,508.9,140,0.88,479.5,15096060
"363",262,15096313,912.3,1,1036.9,474.1,32,2.61,503.3,15096344
"364",222,15097296,900.2,1,989.4,497.5,32,1.98,536.1,15097327
"365",474,15097462,920,1,905.4,566.4,104,0.59,591,15097565
"366",74,15097960,937.9,1,938.6,546.2,24,0.03,547.4,15097983
"367",102,15098224,911.9,1,937.1,551.4,26,0.54,543.4,15098249
"368",370,15098840,541.4,1,907.3,554.1,39,7.37,533.8,15098878
"369",234,15099059,381.8,1,536.3,539.8,28,3.06,528.6,15099086
"370",497,15099828,1214.4,1,382,555.2,66,16.65,463.5,15099893
"371",290,15100499,927.5,1,1261.7,475,47,6.87,532.1,15100545
"372",224,15100859,759.8,1,931.5,522.6,41,3.54,553.7,15100899
"373",235,15101966,952,1,778.5,559.1,26,3.52,563.5,15101991
"374",118,15103003,954.1,1,978.1,536.2,30,0.51,528.7,15103032
"375",76,15103842,966.9,1,939.2,549.5,18,0.59,557.1,15103859
"376",98,15104488,1005.7,1,1022.8,532.7,26,0.36,529.2,15104513
"377",215,15104672,906.2,1,992.2,533.5,33,1.77,546.6,15104704
"378",336,15105722,515.4,1,898.1,540,44,7.83,472.5,15105765
"379",501,15106004,1313.6,1,523.6,473.8,67,15.8,454.6,15106070
"380",366,15107033,868.7,1,1324.3,461.5,52,9.22,459,15107084
"381",127,15111438,886.5,1,879.5,489.2,22,1.41,557.4,15111459
"382",250,15112534,1281.2,1,915.8,559.2,48,7.53,489.8,15112581
"383",185,15112793,1426.6,1,1291.3,497.2,26,2.78,529,15112818
"384",528,15113087,488.9,1,1454.3,527,72,19.1,535.2,15113158
"385",479,15113521,1370.6,1,492.3,535,59,17.47,505.2,15113579
"386",319,15114157,978.2,1,1357.5,514.9,47,7.65,523.4,15114203
"387",159,15114848,909.7,1,969.2,518.9,30,1.21,523,15114877
"388",108,15115140,947.6,1,899.5,520.3,24,1.09,543.3,15115163
"389",128,15115413,1031.7,1,962.2,537.5,20,1.44,549.6,15115432
"390",200,15115784,950.3,1,1037.8,535.2,31,1.78,539.3,15115814
"391",110,15116331,1008.6,1,947.2,547.6,18,1.29,563.2,15116348
"392",135,15116591,1098.5,1,1015.5,557.5,22,1.69,560.3,15116612
"393",214,15116995,977.2,1,1102.3,543.9,25,2.56,556.4,15117019
"394",195,15117255,880.6,1,997.1,553.8,25,2.37,561.8,15117279
"395",70,15118390,911.5,1,885.7,558.3,20,0.53,562.2,15118409
"396",253,15119416,1261.3,1,920.4,548,44,6.9,545.2,15119459
"397",242,15119663,1483.3,1,1249.2,548,40,4.66,555.6,15119702
"398",599,15119867,525.5,1,1482.6,558,67,18.99,484.5,15119933
"399",251,15120971,1230.3,1,507.7,493,84,14.48,495.3,15121054
"400",231,15122145,1089.1,1,1219.9,489.3,24,2.66,496,15122168
"401",39,15122547,1069.9,1,1072.6,504.2,7,0.25,516.1,15122553
"402",208,15122854,946.5,1,1068.9,520,24,2.49,526.4,15122877
"403",142,15124437,1000.4,1,926.6,506.3,20,1.52,516.6,15124456
"404",191,15125268,911.5,1,1011.4,509.5,25,2.08,530.8,15125292
"405",393,15126313,433.4,1,931.2,549.8,57,10,509.4,15126369
"406",177,15126647,472.9,1,428.2,537.6,28,2.57,419.1,15126674
"407",469,15126771,1330.7,1,486.6,425.3,67,16.94,512,15126837
"408",151,15127122,1417.2,1,1345,510.1,23,1.48,527.9,15127144
"409",298,15127256,1267.3,1,1409.8,523.4,34,2.89,499.5,15127289
"410",139,15127937,1338,1,1244.4,505,22,1.9,518.1,15127958
"411",94,15127987,1259.6,1,1365.3,523.3,60,2.25,560.5,15128046
"412",814,15128294,1122.4,1,1266.2,582.3,244,3.44,492.7,15128537
"413",260,15128888,1356.8,1,1139.4,468.8,41,4.91,577.7,15128928
"414",249,15129531,1618.8,1,1338.2,566.3,44,5.61,621.1,15129574
"415",287,15129861,1047.2,1,1611.7,617.7,67,11.33,526.8,15129927
"416",233,15130168,922.3,1,1066,531.8,24,2.93,541.4,15130191
"417",102,15130541,889.6,1,906.9,529.8,30,0.49,546.4,15130570
"418",96,15131199,942.8,1,889.7,534.5,18,1.08,532.7,15131216
"419",66,15131848,939.3,1,923.5,516.3,19,0.33,512.4,15131866
"420",148,15132081,904.4,1,935.6,507.4,32,1.04,547.1,15132112
"421",92,15132554,934.6,1,895.7,556.9,21,0.79,556.5,15132574
"422",113,15132743,907,1,933.9,551.7,28,0.55,551.4,15132770
"423",411,15133134,431.9,1,890,549.8,54,9.3,473.4,15133187
"424",539,15133444,1345,1,421.7,475.9,68,18.34,457.4,15133511
"425",152,15133765,1321.1,1,1375.3,466.1,27,1.09,467.7,15133791
"426",549,15134324,416.3,1,1296.6,485.3,58,17.52,483,15134381
"427",275,15135375,764.9,1,418.3,502.8,43,6.92,502.4,15135417
"428",329,15135687,1133.3,1,787.7,499.6,44,7.12,558.1,15135730
"429",273,15136680,909.3,1,1112.1,567.3,50,4.2,528.2,15136729
"430",52,15137938,898.1,1,885.4,551.6,6,0.28,557,15137943
"431",85,15137969,969.2,1,896.8,560.2,26,1.48,551.4,15137994
"432",222,15138203,NA,1,993.1,547.9,50,NA,NA,15138252
"433",333,15139966,445.6,1,902.3,560.7,57,9.13,563.6,15140022
"434",58,15140286,435.3,1,443.4,576,13,0.57,603,15140298
"435",525,15140445,1381.5,1,445.3,606.5,67,18.75,467.7,15140511
"436",208,15140755,1308.7,1,1409.7,477.8,24,2.07,455.9,15140778
"437",570,15141029,428.9,1,1313.7,459,64,17.72,571,15141092
"438",165,15141399,376.2,1,425.8,587.6,28,1.59,525.1,15141426
"439",320,15142451,876.4,1,395.8,514.8,56,10.27,699.9,15142506
"440",170,15143057,1108.2,1,878.5,685,45,4.91,606.8,15143101
"441",240,15143351,956.2,1,1104.4,600.2,25,3.02,586.4,15143375
"442",156,15143543,874.3,1,951.9,571.4,22,1.72,538.5,15143564
"443",140,15144244,953.6,1,869.4,514.2,23,1.75,532,15144266
"444",136,15144512,872.8,1,945,516.6,26,1.47,514.2,15144537
"445",141,15144848,976.4,1,887.1,507.6,22,1.83,518.9,15144869
"446",127,15145710,915.5,1,948.6,519,24,1.13,563.1,15145733
"447",69,15146181,899.1,1,917.3,575.5,19,0.43,564.6,15146199
"448",53,15146544,899.1,1,904.7,556.4,15,0.59,528.3,15146558
"449",415,15146858,480.5,1,908.7,520.8,51,8.61,497.2,15146908
"450",505,15147144,1256.9,1,466.8,494.6,54,15.8,527.6,15147197
"451",325,15147478,1505.8,1,1275.6,544.9,29,4.69,597.3,15147506
"452",263,15147882,1206.9,1,1498.1,605.2,44,5.91,547.9,15147925
"453",492,15148203,1030.6,1,1204.2,552.5,228,4.2,665.7,15148430
"454",526,15149008,1905.5,1,1040.9,645.1,62,18.67,1116.8,15149069
"455",518,15149408,847.4,1,1900.3,1122.3,79,23.28,499.6,15149486
"456",216,15150116,988.6,1,846.4,504.8,26,2.9,513,15150141
"457",277,15151080,866.2,1,993.4,509.3,35,2.59,503.1,15151114
"458",177,15151290,962.4,1,851.7,511.4,26,2.29,532,15151315
"459",62,15151784,955.6,1,940.4,513.5,16,0.7,544,15151799
"460",138,15152547,896.3,1,950.7,521.7,24,1.14,535.6,15152570
"461",77,15152796,899.4,1,865.5,570.9,14,0.69,573.6,15152809
"462",1470,15153065,818.2,1,926.5,580,146,2.2,585,15153210
"463",191,15153382,929.6,1,826.1,545,25,2.11,552,15153406
"464",96,15153931,923.7,1,938.9,558.5,27,0.33,552.6,15153957
"465",434,15154467,487.2,1,926,556.8,54,8.8,551.8,15154520
"466",70,15154742,458.4,1,469.8,564,21,1.1,511.1,15154762
"467",114,15155006,506.4,1,460.4,514.9,21,0.94,503.2,15155026
"468",502,15155233,1344.7,1,501.2,498.2,55,16.83,520.6,15155287
"469",259,15155974,1113,1,1345.5,533,33,4.72,562,15156006
"470",336,15156239,631.6,1,1092.8,574.9,57,9.64,704.7,15156295
"471",277,15156662,1026.1,1,649.5,689.1,46,7.63,739.1,15156707
"472",203,15157164,1258.2,1,1037.3,722.9,43,5.3,581.1,15157206
"473",241,15157412,1045.5,1,1260.7,570.8,50,4.46,523.8,15157461
"474",54,15158109,999.4,1,1026.9,550.1,13,0.59,541.7,15158121
"475",188,15158925,1055.7,1,936.9,513.2,26,2.43,524.4,15158950
"476",288,15160146,859.4,1,1045.5,493.6,29,3.84,524,15160174
"477",308,15161319,514.4,1,869.9,534.8,50,7.17,507.8,15161368
"478",453,15161753,1278.2,1,518,530.9,56,15.24,478,15161808
"479",562,15162444,461.4,1,1295.7,474.1,72,16.67,528.3,15162515
"480",189,15162746,628.2,1,471.3,537,33,3.13,526.5,15162778
"481",345,15173274,852.2,1,644.5,457.5,27,4.33,507.8,15173300
"482",260,15174671,1326.9,1,891.5,538.5,50,8.8,533,15174720
"483",192,15174855,1447.9,1,1326.1,527.8,24,2.43,520.9,15174878
"484",147,15175025,1532.4,1,1454.2,520.2,23,1.61,496.5,15175047
"485",57,15175251,1549.4,1,1527.1,502.4,8,0.44,502.1,15175258
"486",602,15175351,506.6,1,1549.9,498.8,63,20.56,488.1,15175413
"487",91,15175665,484.4,1,522.9,502.1,20,0.78,508.5,15175684
"488",322,15176467,1178.8,1,468.8,503.6,83,14.3,588.4,15176549
"489",882,15176713,1204.7,1,1202.2,589.2,204,1.73,504.6,15176916
"490",356,15177109,971.6,1,1214.4,501.9,30,4.94,522.8,15177138
"491",402,15177937,956.6,1,959.7,559.5,157,0.14,565.7,15178093
"492",180,15178942,878.3,1,938.1,522.7,30,1.23,515.4,15178971
"493",133,15179243,906.2,1,865.3,513.2,29,0.84,519,15179271
"494",118,15179605,904.1,1,914.7,511.5,30,0.23,515.1,15179634
"495",90,15180187,905.2,1,910.2,514.6,28,0.11,516.4,15180214
"496",377,15181658,456.9,1,910.3,545,55,9.2,478.4,15181712
"497",473,15181972,1349.1,1,454.9,492.4,60,17.78,514.3,15182031
"498",216,15182262,1489.8,1,1344.9,516.5,25,2.88,520.2,15182286
"499",301,15182505,1317.4,1,1495,524.9,26,3.59,492.2,15182530
"500",579,15182980,388.3,1,1295.5,496.7,69,18.03,462.9,15183048
"501",1146,15183295,866.5,1,386.8,497.3,217,9.57,496.2,15183511
"502",221,15183776,1007.4,1,882.8,478.7,28,3.1,565.3,15183803
"503",1225,15183904,1054.1,1,1031.6,558.1,208,0.53,545.3,15184111
"504",167,15184142,1217.4,1,1075.7,546.1,28,2.88,561.1,15184169
"505",46,15184355,1227.8,1,1226.5,563.9,334,0.09,568.3,15184688
"506",895,15184841,849.6,1,977,569.2,243,2.67,537.4,15185083
"507",230,15185470,985.9,1,870.9,530.4,34,2.37,546.5,15185503
"508",82,15185872,1013,1,989.5,554,18,0.68,577.7,15185889
"509",118,15186417,956.4,1,982.8,568.2,28,0.7,546.1,15186444
"510",71,15186927,921.7,1,932.4,543.6,21,0.24,548.4,15186947
"511",74,15187267,912.6,1,926.6,547.7,20,0.38,560.1,15187286
"512",54,15187581,917.2,1,914.9,565.1,17,0.12,559.5,15187597
"513",82,15187846,926.7,1,925.5,557,25,0.14,550.5,15187870
"514",285,15188443,508.2,1,904.8,551,45,8.03,502.1,15188487
"515",169,15188677,458.7,1,524.4,506,30,1.47,472.3,15188706
"516",506,15188853,1373.7,1,456.9,483.5,67,18.21,463.2,15188919
"517",267,15189391,570,1,1377.3,478.4,380,16.59,681.5,15189770
"518",1155,15189952,626.5,1,604,660,910,1.37,724.4,15190861
"519",110,15191129,973.8,1,936.9,646.2,29,2.09,551,15191157
"520",172,15191746,933.2,1,989.2,572.7,32,1.69,512.2,15191777
"521",161,15192058,964.3,1,912.7,522,32,1.09,508.8,15192089
"522",169,15192315,904.6,1,971.9,520.9,30,1.37,519.8,15192344
"523",73,15193281,886.1,1,883.3,534.1,26,0.1,537.9,15193306
"524",91,15194190,899.8,1,866.4,516.3,22,0.78,534.7,15194211
"525",112,15194527,911.5,1,915,543,30,0.23,532.2,15194556
"526",366,15195254,484.4,1,914.7,543.3,46,8.73,485.5,15195299
"527",530,15195502,1373.2,1,490.8,492.8,67,17.56,487,15195568
"528",112,15195900,1467,1,1417,501.5,20,1.05,518.5,15195919
"529",558,15196046,481.9,1,1471.4,520.8,62,19.56,524.8,15196107
"530",284,15196614,892.9,1,473.2,538.6,45,8.44,573.6,15196658
"531",469,15196706,3270,1,912.8,572,141,35.09,1097.8,15196846
"532",98,15196876,3270,1,3270,1105.6,16,0.01,1106.5,15196891
"533",90,15196989,3270,1,3270,1116.2,39,0.04,1119,15197027
"534",742,15197223,1118,1,3270,1135.3,120,31.81,571.1,15197342
"535",343,15197938,690.6,1,1123.7,567.7,55,8.92,487.9,15197992
"536",1288,15198164,619.1,1,699.9,481.8,225,2.1,417.8,15198388
"537",273,15198560,869.3,1,679.3,423.3,29,3.92,454.6,15198588
"538",81,15198902,933.7,1,897.5,454,16,0.98,484.8,15198917
"539",92,15199399,925.6,1,932.1,484.6,27,0.17,489.8,15199425
"540",110,15199735,896.1,1,918.5,493.2,29,0.47,488.2,15199763
"541",125,15200091,871.2,1,883.7,495.5,32,0.27,499.3,15200122
"542",80,15200900,906.6,1,885.7,509.5,16,0.91,548.3,15200915
"543",88,15201662,916.9,1,932.5,543.2,26,0.32,540.3,15201687
"544",398,15202115,450.1,1,903.9,546.7,45,9.09,548,15202159
"545",504,15202437,1348.3,1,454.7,561.8,59,17.77,521.5,15202495
"546",237,15203196,1137.6,1,1364.7,517.2,36,4.62,549.3,15203231
"547",207,15203425,1016.2,1,1131.4,550.1,23,2.35,542.9,15203447
"548",157,15203641,872.2,1,1023.6,534.5,39,3.19,575.5,15203679
"549",250,15203944,675.8,1,880.8,569.3,39,4.15,569.5,15203982
"550",210,15204873,835,1,694.2,587.1,26,2.85,578.2,15204898
"551",169,15205198,955.5,1,853.1,579.6,23,2.09,570,15205220
"552",182,15205483,891.8,1,965.2,553,31,1.51,543,15205513
"553",42,15205928,899.8,1,883.7,539.7,9,0.34,543.6,15205936
"554",193,15206919,807.6,1,920.1,538.2,23,2.29,532.7,15206941
"555",141,15207703,893.9,1,830.5,517.7,22,1.63,565.9,15207724
"556",341,15208855,502.5,1,889.5,568.3,43,7.88,505.6,15208897
"557",122,15209220,469.9,1,509.1,521.1,26,0.95,494.4,15209245
"558",457,15209336,1287.2,1,466.6,504.9,56,16.38,472.1,15209391
"559",570,15209719,488.6,1,1292.4,469.1,52,16.06,487.7,15209770
"560",99,15210108,462.5,1,498.4,501.6,22,0.83,480.7,15210129
"561",477,15210485,1414.2,1,474.2,476.2,64,18.65,476,15210548
"562",336,15211152,1007.2,1,1398.4,481.9,48,7.97,539,15211199
"563",259,15211987,742.8,1,995,538.8,42,5.2,495.7,15212028
"564",67,15213500,765.1,1,763.3,495.3,22,0.15,488.2,15213521
"565",108,15214591,898.6,1,905.4,480.2,20,1.3,543,15214610
"566",93,15215428,893.5,1,917.1,550.3,22,0.51,541.8,15215449
"567",340,15215698,541.7,1,890.5,535.4,49,7.09,489.7,15215746
"568",490,15216000,1373.8,1,530.3,502.8,57,16.81,524.8,15216056
"569",567,15216333,488.1,1,1376.5,532.9,63,17.7,478.3,15216395
"570",236,15216751,744.8,1,488.7,489.4,48,5.15,475.2,15216798
"571",91,15217121,727.3,1,768.7,479.8,21,1.31,528.4,15217141
"572",152,15217291,612.7,1,721.2,528.5,52,2.63,600.1,15217342
"573",91,15217389,739.1,1,668.5,576.8,22,1.46,559.9,15217410
"574",76,15217432,814.8,1,763,544.5,17,1.09,530.8,15217448
"575",106,15217528,884,1,819.7,511.8,17,1.32,521.3,15217544
"576",1159,15217723,737.7,1,917.2,535.2,211,3.64,534.4,15217933
"577",1214,15218150,1353.4,1,765.8,512.8,263,11.84,517.7,15218412
"578",441,15218695,854.3,1,1334.3,504.2,55,9.72,472.2,15218749
"579",200,15219161,980.1,1,866.1,482.2,24,2.36,503.5,15219184
"580",232,15221450,845.5,1,941,487.5,33,2.26,543.6,15221482
"581",140,15221751,906.3,1,831.1,544.9,23,1.53,551,15221773
"582",168,15222265,837.7,1,916.1,547.4,25,1.6,544.4,15222289
"583",342,15222571,527.9,1,845.6,549.8,39,6.44,513.2,15222609
"584",332,15222880,1398.6,1,545.8,532.7,99,17.02,477.9,15222978
"585",342,15224102,988.3,1,1397,480.2,50,8.24,500.6,15224151
"586",1298,15225193,570.4,1,995.1,534.9,168,8.57,528.5,15225360
"587",1295,15225574,635.7,1,605.4,496.5,167,0.7,480,15225740
"588",1335,15225912,644.5,1,660.7,470.2,196,0.8,505.9,15226107
"589",198,15227096,783,1,667.3,467.5,24,2.36,480.1,15227119
"590",174,15227391,886.4,1,791.8,463.1,24,2.07,499.5,15227414
"591",166,15228308,870.2,1,911.2,482.6,29,1.33,532.9,15228336
"592",380,15229472,411.6,1,903.9,540.5,46,10.02,453,15229517
"593",517,15229766,1309.7,1,419.8,468.1,68,17.7,496.8,15229833
"594",347,15233110,595.1,1,1264,490.5,74,13.45,500.7,15233183
"595",178,15235265,864.2,1,935.9,510.8,29,1.6,542.2,15235293
"596",88,15235569,888.4,1,861.1,539,20,0.58,546.5,15235588
"597",141,15236086,867.2,1,901.6,546.3,30,0.7,549.8,15236115
"598",394,15236297,427.8,1,856.9,553.7,54,8.62,514.8,15236350
"599",494,15236581,1310.2,1,418.4,535.8,68,17.73,493.2,15236648
"600",573,15237115,430.4,1,1356.5,504.8,60,18.38,530.4,15237174
"601",469,15238042,1266.5,1,449.3,533.9,63,16.31,500.7,15238104
"602",344,15238855,931,1,1279.6,502.3,46,7.12,547.7,15238900
"603",232,15239231,728.3,1,930.6,551.1,34,4.16,583.2,15239264
"604",52,15239536,776.3,1,743.4,595.1,22,0.71,607.4,15239557
"605",144,15239661,611.8,1,795.1,605.8,67,4.02,685.5,15239727
"606",158,15239908,365.6,1,522.7,571.4,39,3.18,533.2,15239946
"607",294,15240018,80.8,1,378.2,519.4,41,5.67,504.7,15240058
"608",146,15240334,7.5,1,98.2,508.8,19,1.68,516.4,15240352
"609",422,15241120,1023.1,1,15.5,522.5,83,19.5,455.2,15241202
"610",376,15241971,866.2,1,1047.3,464.1,39,3.84,515.1,15242009
"611",145,15242178,889.4,1,851.9,523.3,29,0.92,548.6,15242206
"612",1431,15242433,857.6,1,910,572.2,180,1.07,576.2,15242612
"613",66,15242958,906.9,1,874.6,541.7,13,0.67,549,15242970
"614",220,15243218,764.6,1,910.2,550.5,39,3.76,437.7,15243256
"615",259,15243833,881,1,765.1,435,38,2.67,495.2,15243870
"616",252,15244309,813.9,1,890.5,488.8,35,1.57,495.9,15244343
"617",197,15244572,915.4,1,820,502,25,2.12,543.4,15244596
"618",160,15245019,875.9,1,910.8,539,31,0.75,526.9,15245049
"619",431,15245173,460.1,1,867.9,537.8,54,8.23,489.5,15245226
"620",508,15245420,1323.4,1,451.3,506,66,17.34,504.5,15245485
"621",625,15246083,448.3,1,1334.5,510.5,66,17.62,502.6,15246148
"622",275,15246845,1134.9,1,454.7,524.7,87,16.46,1007.2,15246931
"623",334,15247228,754.1,1,1127.2,996.5,51,9.29,713.8,15247278
"624",141,15248843,708.3,1,767.9,702.1,36,2.51,593.7,15248878
"625",229,15249378,900.8,1,730.8,580,37,3.5,550.8,15249414
"626",307,15250919,922.2,1,734.4,555.6,27,3.81,565,15250945
"627",66,15251379,936.2,1,940.4,567.6,20,0.53,542.3,15251398
"628",103,15251861,906.7,1,915,539,28,0.19,535.2,15251888
"629",407,15252235,440.4,1,910.1,537.1,53,9.42,515.3,15252287
"630",521,15252566,1273.8,1,425.6,526.4,64,16.87,497.1,15252629
"631",355,15253281,527.5,1,1274.5,488.9,83,14.95,488.4,15253363
"632",309,15253586,250,1,539.2,490.1,43,5.65,492.9,15253628
"633",116,15253944,364.3,1,285.6,489.1,20,1.53,491.5,15253963
"634",321,15254198,764.8,1,384.8,476.8,51,7.6,511.3,15254248
"635",178,15254490,894,1,796.9,509.2,23,2,525.6,15254512
"636",49,15254751,912.8,1,902.9,516.5,13,0.54,540.7,15254763
"637",36,15255258,957,1,947,528.3,6,0.2,528,15255263
"638",85,15255528,1010.5,1,967.7,519.9,14,0.87,521.6,15255541
"639",151,15255743,932.1,1,1020.7,509.8,21,1.81,505.7,15255763
"640",183,15256108,827.5,1,945.2,486.1,25,2.4,485,15256132
"641",100,15256997,896,1,835.2,483.6,19,1.26,495.5,15257015
"642",42,15257287,891.5,1,878.5,495.9,6,0.27,498.3,15257292
"643",98,15258023,874.4,1,887.3,490.5,29,1,537.4,15258051
"644",49,15258252,898.8,1,887.8,539.1,16,0.31,549.5,15258267
"645",149,15258446,882.9,1,913.7,546.2,31,0.63,551,15258476
"646",76,15258709,907.1,1,884.3,555.9,21,0.47,552.8,15258729
"647",101,15259031,880.5,1,899.2,546.6,27,0.6,524.3,15259057
"648",416,15259159,480.7,1,871.5,533,53,7.84,554.3,15259211
"649",532,15259416,1309.2,1,462.7,563.7,65,16.89,506.5,15259480
"650",183,15259725,1437,1,1340.7,525.9,21,1.92,528.9,15259745
"651",580,15259941,477,1,1431.8,524.1,70,18.9,555,15260010
"652",166,15260276,398.9,1,463.6,559,29,1.31,574.6,15260304
"653",36,15261034,403.9,1,394,582.7,6,0.19,583.1,15261039
"654",215,15261474,575.6,1,432.6,578.4,24,2.83,576.6,15261497
"655",40,15261709,565.8,1,580.2,576.2,8,0.3,581.1,15261716
"656",479,15261787,1409.9,1,557.6,579.6,56,17.02,512.7,15261842
"657",97,15262064,1469.7,1,1421.7,512.9,16,1.01,496.7,15262079
"658",97,15262589,1307.4,1,1433.8,505.1,77,2.53,513,15262665
"659",315,15262918,983.4,1,1310.5,513.7,44,6.83,598.2,15262961
"660",217,15263402,1171.7,1,985.4,594,33,3.8,614.8,15263434
"661",180,15263816,1282.3,1,1165.1,622.4,26,2.36,633.3,15263841
"662",227,15264573,1113.4,1,1264.4,615.6,39,3.28,556.4,15264611
"663",316,15264784,879.4,1,1122.8,568.7,40,5.05,518.2,15264823
"664",40,15265410,893.8,1,884.7,529,6,0.25,537.1,15265415
"665",48,15265732,889.7,1,886.9,536.2,17,0.06,536.8,15265748
"666",398,15266006,463.5,1,889,528.4,52,8.54,512.2,15266057
"667",498,15266524,1380.2,1,460.5,534.2,67,18.29,484.5,15266590
"668",600,15267037,400.4,1,1407.3,497.5,71,19.88,541.9,15267107
"669",278,15268004,740.6,1,406.7,543.4,46,6.7,584.9,15268049
"670",69,15269815,789.1,1,757.5,577.6,11,0.65,581.8,15269825
"671",52,15270425,812.1,1,789.2,578,11,0.49,570.7,15270435
"672",94,15270741,879.8,1,831.5,550.1,17,1,558.1,15270757
"673",71,15272564,906.1,1,888.5,547.7,19,0.43,558.9,15272582
"674",381,15272867,531.6,1,906.6,559.6,54,7.61,512,15272920
"675",252,15273069,352.4,1,526.6,518.3,28,3.49,486,15273096
"676",514,15273275,1319.2,1,364.9,487.9,68,18.9,469.9,15273342
"677",91,15273803,1298.2,1,1337.3,484.4,20,0.94,459.1,15273822
"678",285,15274569,1031.2,1,1218.8,444.1,26,3.91,485.9,15274594
"679",357,15274862,1681.7,1,1026.8,515.1,75,14.6,867.2,15274936
"680",418,15275217,1031.4,1,1699,871.6,70,15.47,454.2,15275286
"681",241,15275934,940.2,1,1045.7,464.1,32,2.16,472.1,15275965
"682",72,15276185,996.9,1,935,469.6,21,1.29,482.6,15276205
"683",235,15278674,875.2,1,1018.6,473.2,25,2.99,502.4,15278698
"684",130,15278919,898.2,1,867.9,520.8,29,0.83,547.9,15278947
"685",149,15279159,868.4,1,913.6,553.3,31,0.92,548.2,15279189
"686",117,15279357,917.7,1,863.9,551.9,24,1.1,557.2,15279380
"687",202,15279707,1155.3,1,914.3,565.3,40,4.95,529.9,15279746
"688",523,15279931,464.3,1,1153.2,539.1,61,13.81,490.3,15279991
"689",324,15282362,984.1,1,484.1,489.4,50,10.06,494.9,15282411
"690",221,15282786,906.2,1,1026,490,23,2.44,495.2,15282808
"691",44,15283370,941.6,1,925.7,490.8,8,0.33,493,15283377
"692",119,15283685,897,1,944.3,476.2,24,0.98,483.4,15283708
"693",100,15285523,889.6,1,894.1,494.7,21,1.25,555.3,15285543
"694",56,15285750,910.1,1,886.2,556.6,10,0.49,560.1,15285759
"695",71,15285997,905.8,1,920.4,564.2,20,0.33,556.7,15286016
"696",386,15286539,480.6,1,904.3,559.1,44,8.56,510.7,15286582
"697",524,15286778,1318.6,1,481.8,522.3,66,16.67,520.1,15286843
"698",185,15287077,1422.4,1,1359.9,518.3,32,1.25,522.2,15287108
"699",600,15287274,416.7,1,1429,528.9,71,19.98,486.7,15287344
"700",244,15287579,540.1,1,399.5,506.1,23,2.78,502.5,15287601
"701",252,15287828,378,1,572.1,488.1,31,3.84,496.9,15287858
"702",255,15288082,136.7,1,382,493.9,41,4.78,537.6,15288122
"703",283,15288515,559.2,1,154.5,532.6,48,7.84,524,15288562
"704",393,15288618,1192.5,1,577.1,522.5,70,12.47,605.6,15288687
"705",388,15290086,653.9,1,1188.3,598.5,59,11.01,487.1,15290144
"706",1440,15290472,800.2,1,675.4,502.9,216,2.58,529.6,15290687
"707",1576,15291041,886.4,1,848.1,518,198,0.78,515.3,15291238
"708",114,15292275,875.8,1,887,508.6,28,1.15,563.5,15292302
"709",316,15293361,452.3,1,876.1,578.7,47,8.63,503.6,15293407
"710",494,15293621,1252.8,1,458.1,508.8,62,15.87,525.9,15293682
"711",571,15293919,457.9,1,1285.4,532.9,64,16.54,468.7,15293982
"712",1104,15294413,1791,1,455.2,488.6,220,25.71,500,15294632
"713",499,15294914,876.9,1,1778.1,517.3,71,18.08,739.2,15294984
"714",352,15295209,1437.6,1,902.3,733.9,55,12.64,1095.3,15295263
"715",375,15295349,1869.2,1,1450.5,1096.3,48,8.27,1268.2,15295396
"716",196,15295541,1865.7,1,1872.1,1274.4,28,2.8,1117.9,15295568
"717",41,15295769,1884.4,1,1890.2,1125.4,7,0.25,1112.6,15295775
"718",424,15296487,880.5,1,1840.5,1104.4,84,21.37,536.1,15296570
"719",66,15296872,901.6,1,902.6,549.7,22,0.07,546.6,15296893
"720",113,15297781,889.6,1,900.9,561.9,27,0.23,561.5,15297807
"721",128,15298386,886.4,1,924.1,541.8,30,0.81,554.6,15298415
"722",129,15299725,887.7,1,893.3,554.9,31,0.33,539.9,15299755
"723",361,15300239,551,1,890.4,551.8,51,6.86,523.9,15300289
"724",444,15300562,1266.1,1,564.7,543.6,52,14.11,490.6,15300613
"725",310,15300813,1485.2,1,1296.8,485.5,26,3.75,490.5,15300838
"726",84,15301292,1519.6,1,1496.9,490.2,21,0.7,517,15301312
"727",575,15301573,468.2,1,1517.3,520.7,76,20.65,568.5,15301648
"728",239,15301886,645,1,460.5,582.4,33,3.78,538.3,15301918
"729",268,15302710,951.9,1,665.4,524.8,45,5.85,561.2,15302754
"730",183,15303036,867.6,1,952,559.5,25,1.74,545.6,15303060
"731",102,15303561,854.1,1,870.6,539.5,28,0.36,545.6,15303588
"732",86,15304019,853.3,1,859.8,548.5,26,0.21,556.7,15304044
"733",171,15304488,798.9,1,862.6,553.6,34,1.31,542.9,15304521
"734",113,15304777,844.4,1,785.6,550.7,19,1.21,559.2,15304795
"735",91,15305092,906.4,1,852.4,554.6,16,1.11,563,15305107
"736",189,15305285,892.9,1,909.6,557.4,48,0.37,550.6,15305332
"737",117,15305984,940.5,1,879,547.8,23,1.26,552.5,15306006
"738",84,15306196,900.6,1,927.2,552.3,21,0.57,544,15306216
"739",85,15306455,900.7,1,917.5,551.3,22,0.35,548.5,15306476
"740",46,15306797,908.5,1,893.2,549.7,7,0.31,547.4,15306803
"741",358,15307132,411.4,1,905.9,546.6,48,9.89,527.8,15307179
"742",87,15307410,403.5,1,424.4,538.3,19,0.87,576.6,15307428
"743",516,15307529,1365.2,1,410,574,59,18.92,529.2,15307587
"744",76,15307884,1346.4,1,1380,525.8,13,0.77,507.3,15307896
"745",553,15308312,365.7,1,1348.1,500.6,71,19.42,494.5,15308382
"746",234,15308779,603.7,1,365.3,505.2,39,4.74,530.1,15308817
"747",88,15309620,600.7,1,616.1,534.5,23,0.45,550.5,15309642
"748",213,15309845,742,1,617.6,545.8,23,2.52,558.4,15309867
"749",90,15310047,818.4,1,767.6,550.5,17,1.03,555.1,15310063
"750",112,15310504,798.9,1,833.4,549.6,23,0.72,558.1,15310526
"751",96,15310711,854.9,1,800.6,551.7,17,1.1,552,15310727
"752",74,15310928,901.9,1,862.3,539.1,16,0.81,544.6,15310943
"753",60,15312126,906,1,908.9,535.6,22,0.34,551.7,15312147
"754",105,15312812,881.7,1,904.6,545,28,0.47,546.8,15312839
"755",42,15313049,889.6,1,875.5,550.9,7,0.29,551.3,15313055
"756",82,15313330,890.9,1,899.1,546.8,24,0.37,530.6,15313353
"757",311,15313916,482.3,1,889.3,546,46,8.22,498,15313961
"758",205,15314185,348.7,1,494.9,510.5,26,2.87,509.2,15314210
"759",52,15314558,381.4,1,361,509.5,9,0.43,517.1,15314566
"760",477,15314668,1321,1,386.9,513.4,61,18.52,485.8,15314728
"761",200,15314986,1451.6,1,1319.8,500.7,27,2.63,512.1,15315012
"762",134,15315344,1417.7,1,1467.5,504.1,24,1.1,528.3,15315367
"763",581,15315513,443.4,1,1414.9,529.7,59,19.22,519.2,15315571
"764",208,15315810,375.1,1,458.7,527.3,31,1.65,533.9,15315840
"765",533,15315996,1438.2,1,369.8,537.5,64,20.99,523.5,15316059
"766",254,15316502,1249.7,1,1437.8,525.2,27,3.85,567.2,15316528
"767",111,15316794,1201.7,1,1222.5,585.1,27,0.43,581.3,15316820
"768",189,15317062,1003.4,1,1181.7,579.8,40,3.73,534.7,15317101
"769",191,15318212,877.4,1,995.6,545.1,25,2.45,523.4,15318236
"770",174,15319608,892.3,1,956.5,531.8,30,1.34,546.4,15319637
"771",1589,15320094,884.1,1,913.1,572.3,172,0.59,568.9,15320265
"772",238,15320819,756,1,906.1,568,39,3.54,480.8,15320857
"773",215,15321875,866.2,1,732.3,498.4,27,2.87,544.2,15321901
"774",39,15322726,888.1,1,886.9,544.9,8,0.28,558.6,15322733
"775",450,15323215,401.4,1,894.2,555.4,56,9.94,484.7,15323270
"776",532,15323511,1330.5,1,397.4,496,59,18.5,485.4,15323569
"777",185,15323814,1402.4,1,1329.6,485.4,24,2.03,555.1,15323837
"778",339,15324474,951.5,1,1375,551.7,52,8.53,574,15324525
"779",264,15324928,645.9,1,957.1,584.8,49,6.36,634.4,15324976
"780",179,15325247,546.7,1,674.2,634.8,38,4.12,796.3,15325284
"781",207,15325691,797.4,1,574,792,48,5.3,649.6,15325738
"782",65,15326225,829,1,801.4,644.9,11,0.6,633.8,15326235
"783",147,15326841,768.5,1,813.4,636.9,29,1.2,598.5,15326869
"784",175,15327182,867.3,1,759.8,602,24,2.18,592.5,15327205
"785",73,15327546,868.5,1,887.7,560.3,20,0.4,564.3,15327565
"786",150,15328115,957.1,1,885.3,554.5,23,1.54,579,15328137
"787",194,15328686,855.3,1,965.3,593.5,23,2.24,588.6,15328708
"788",59,15329565,879.9,1,896.3,568.9,19,0.35,563.9,15329583
"789",65,15329929,904.1,1,874.6,563.7,11,0.6,560.7,15329939
"790",402,15330112,443.8,1,899.8,559.3,56,9.28,477,15330167
"791",516,15330503,1370.9,1,440,484.6,60,18.47,487.7,15330562
"792",469,15331348,543.4,1,1325.2,495.8,77,15.66,547.2,15331424
"793",219,15332485,790.6,1,541.1,531.4,45,5.03,515.1,15332529
"794",268,15332783,1054,1,814,531.7,41,4.89,516,15332823
"795",147,15333270,946.7,1,1054.2,544.8,22,2.19,553.6,15333291
"796",1420,15333994,571.7,1,895.3,554.4,185,6.64,617.1,15334178
"797",1567,15334519,822.5,1,624.8,574.6,189,3.99,563.1,15334707
"798",196,15335767,901,1,974,537.6,33,1.49,540.6,15335799
"799",203,15336409,767.9,1,887.7,555.6,25,2.44,564.9,15336433
"800",193,15336630,891.6,1,772,566.2,25,2.43,576.1,15336654
"801",141,15336938,954.6,1,884.4,567.2,24,1.47,551.2,15336961
"802",360,15337052,1284,1,962,546.5,49,6.53,524.6,15337100
"803",595,15337331,281.7,1,1303.5,531.1,81,20.13,476.2,15337411
"804",554,15337616,1382.5,1,301,477.3,72,21.23,497.7,15337687
"805",133,15338027,1332.7,1,1397.2,509,22,1.32,495.5,15338048
"806",238,15338455,1269.5,1,1326.6,497.7,28,3.25,647.1,15338482
"807",198,15338792,1349.2,1,1270,635.1,31,3.33,491.2,15338822
"808",545,15339368,448.1,1,1351.9,513.7,68,17.97,569.8,15339435
"809",310,15339848,1142.2,1,449.9,577,86,13.87,649.9,15339933
"810",818,15340499,952.6,1,1152.3,663.4,293,4.85,532.8,15340791
"811",450,15341630,960,1,988.8,537.1,222,0.59,541.8,15341851
"812",310,15342427,1224.6,1,952.8,536.1,42,5.55,567.6,15342468
"813",474,15342631,854.1,1,1213.7,562.3,36,7.3,536.1,15342666
"814",104,15343236,899.7,1,855.4,558.7,21,0.91,565.3,15343256
"815",113,15343455,873,1,894.5,560.3,27,0.51,547.5,15343481
"816",387,15343926,465,1,861.4,559.6,51,7.95,548.7,15343976
"817",65,15344241,462.9,1,461.5,549.6,17,0.72,514.1,15344257
"818",464,15344350,1222.4,1,466.6,517.9,53,15.11,492.1,15344402
"819",159,15344705,1234.2,1,1240,487.2,23,1.67,568.5,15344727
"820",533,15344975,452.1,1,1243.9,555.6,64,15.84,493.5,15345038
"821",302,15345631,910.3,1,451.7,506.9,49,9.35,594.1,15345679
"822",265,15346301,1221.5,1,930.6,607.3,42,5.9,631,15346342
"823",283,15347171,1040.9,1,1208.6,633.2,25,3.43,608.4,15347195
"824",202,15347815,891.2,1,1011.3,599.6,25,2.46,582.4,15347839
"825",197,15348407,1022.1,1,889.2,566.9,26,2.7,568.5,15348432
"826",60,15348845,1004.8,1,1017.3,568,20,0.26,566.7,15348864
"827",82,15349763,860.7,1,870,568.2,23,0.24,575.7,15349785
"828",435,15349936,853.2,1,859.4,591.4,160,0.19,598.3,15350095
"829",137,15350581,790.8,1,871.6,542.8,22,1.64,541.9,15350602
"830",245,15351372,494.3,1,812.2,553.4,43,6.42,516.3,15351414
"831",151,15351628,403.3,1,502.2,514.2,23,1.96,504.5,15351650
"832",504,15351928,1252.1,1,411.6,508.5,54,16.73,524.7,15351981
"833",182,15352267,1355,1,1261.1,527.4,22,1.9,540.4,15352288
"834",535,15352626,445.7,1,1353,543.3,73,18.01,512.8,15352698
"835",145,15353046,600.6,1,450.3,521.4,35,2.99,526,15353080
"836",49,15353385,614.6,1,610.4,523.1,12,0.5,547,15353396
"837",252,15353624,407,1,604.7,552.5,32,4.03,507.3,15353655
"838",483,15353860,1374.5,1,419.6,513.5,62,18.9,539.5,15353921
"839",283,15354359,1109,1,1390.4,541,43,5.68,514.8,15354401
"840",340,15357090,861.8,1,1050.9,530.1,38,3.87,553.9,15357127
"841",315,15358282,443.8,1,849.5,549.7,45,8.15,513.9,15358326
"842",501,15358540,1328.3,1,460.1,532.7,66,17.35,465.2,15358605
"843",620,15358732,451.2,1,1352.9,468.3,67,17.94,524.3,15358798
"844",180,15359419,694.7,1,457.6,539.7,43,4.95,613.2,15359461
"845",55,15360323,727.9,1,705,600.9,9,0.47,603.9,15360331
"846",107,15360574,817.4,1,746.5,598.3,20,1.44,593.4,15360593
"847",187,15360847,994.1,1,857.3,571.7,25,2.84,599.5,15360871
"848",220,15361344,862.1,1,1040.1,595.8,30,3.69,559.9,15361373
"849",110,15361959,903.7,1,848.5,549.9,18,1.15,561.6,15361976
"850",40,15364097,896.5,1,884.4,548.6,6,0.25,549,15364102
"851",115,15364895,861.1,1,894.5,562.5,29,0.73,549.5,15364923
"852",250,15365136,574.4,1,850.9,551.9,43,5.63,514.9,15365178
"853",470,15365300,1281.2,1,580.2,530.6,61,14.05,547.4,15365360
"854",599,15365476,473.2,1,1305,549,65,16.58,519.7,15365540
"855",58,15365863,471.5,1,485.2,526.2,17,0.36,514.8,15365879
"856",57,15366414,501.8,1,481.5,516.7,19,0.92,557.2,15366432
"857",180,15366661,699.1,1,500.6,563.2,40,3.97,566.9,15366700
"858",193,15367694,939.8,1,715.4,535.5,44,4.57,517.3,15367737
"859",251,15367938,1280.9,1,946.7,515.1,48,6.77,510.6,15367985
"860",330,15368515,952.6,1,1275.2,517.3,44,6.54,501.8,15368558
"861",225,15369475,814.1,1,951.3,520.9,25,2.8,512.2,15369499
"862",41,15369911,834.9,1,823.6,503.7,6,0.23,505.8,15369916
"863",179,15370137,947,1,830.5,496.7,25,2.39,510.6,15370161
"864",51,15370703,970.5,1,948.4,522.3,10,0.46,526.1,15370712
"865",210,15370904,866.4,1,977.8,517.4,25,2.4,555.3,15370928
"866",127,15371627,963.8,1,894.7,566.8,24,1.44,551.7,15371650
"867",319,15371965,1325.9,1,959.7,545.6,55,7.41,522.4,15372019
"868",633,15372174,447,1,1339.9,521.4,67,17.78,475.3,15372240
"869",116,15372547,534.8,1,465.6,486.9,19,1.38,487.3,15372565
"870",1460,15373082,1494.6,1,545.1,486.6,243,18.87,432.9,15373324
"871",215,15373454,1648.8,1,1488.2,424.1,27,3.17,448.7,15373480
"872",222,15373750,1461,1,1689.5,428.6,41,4.45,428,15373790
"873",365,15373895,1111.6,1,1473.7,428.7,47,7.73,301.6,15373941
"874",521,15374207,973.1,1,1113.1,323.9,220,9.3,757.2,15374426
"875",252,15374969,1369.5,1,980,713.9,52,7.8,745.9,15375020
"876",303,15375062,1658.7,1,1370.2,753,39,6.06,876.1,15375100
"877",110,15375310,1713.7,1,1637.9,863,23,1.46,847.4,15375332
"878",282,15375533,1999.9,1,1682.4,843.8,43,7.23,1079.5,15375575
"879",528,15375824,921.6,1,1984.8,1074.1,76,22.31,557.1,15375899
"880",1151,15376331,943.9,1,963.1,607.3,132,0.52,624.5,15376462
"881",240,15376832,1013,1,947.3,628.6,148,1.34,635.9,15376979
"882",234,15377658,894.4,1,1022,606.2,27,2.82,551.7,15377684
"883",60,15378009,919.4,1,890,569.8,13,0.6,571.3,15378021
"884",59,15378331,906.4,1,907.7,569.1,18,0.38,550.6,15378348
"885",357,15378842,412.8,1,903.3,543.8,47,9.91,474.5,15378888
"886",491,15379368,1312.3,1,419.7,477.6,68,17.75,482.3,15379435
"887",217,15379739,1459.1,1,1332.9,501.5,24,2.55,522.2,15379762
"888",593,15379958,451.8,1,1463.5,526.1,61,20,616.7,15380018
"889",177,15380253,421.4,1,455.1,615.7,30,2.47,497.8,15380282
"890",233,15380854,644.2,1,430.4,497.7,42,5.05,632.4,15380895
"891",433,15381125,1155.8,1,664,640.2,168,9.97,707.1,15381292
"892",1357,15381498,738.7,1,1179.6,652.7,239,8.88,671.6,15381736
"893",296,15381936,1354,1,758.7,645.8,245,12.04,571,15382180
"894",350,15382555,824.1,1,1382.1,581.1,60,11.36,494,15382614
"895",183,15384635,898.7,1,817,522.8,24,1.93,570.8,15384658
"896",72,15385034,903.7,1,905.2,565.6,24,0.11,560.4,15385057
"897",90,15385390,936.7,1,896.7,566.4,20,0.88,549.9,15385409
"898",324,15385682,1329.1,1,938.5,541.2,44,7.98,484.6,15385725
"899",629,15385912,456.7,1,1330.5,486.2,73,17.39,485,15385984
"900",281,15390085,1070,1,471.7,461.7,71,12.02,481.9,15390155
"901",239,15390414,945.8,1,1077,490.3,25,2.68,484.4,15390438
"902",234,15391442,838.5,1,936.3,490.8,35,2.17,532.6,15391476
"903",133,15391672,867.5,1,821.1,541,29,0.94,542.6,15391700
"904",178,15392343,827.1,1,887.6,546.8,33,1.54,501.4,15392375
"905",226,15392554,491.8,1,818.8,500.9,45,6.66,447.3,15392598
"906",497,15392795,1293.7,1,508,452.3,63,15.74,475.8,15392857
"907",184,15393112,1405.8,1,1330.1,488.6,25,2,553.2,15393136
"908",455,15399146,860,1,1259,564.5,38,8.09,536.4,15399183
"909",384,15400546,487.2,1,899.7,551.6,51,8.29,525.6,15400596
"910",471,15400808,1298.5,1,477.4,531.6,57,16.37,522.5,15400864
"911",217,15401093,1448.3,1,1310.9,518.2,26,2.79,545.2,15401118
"912",532,15401180,599.1,1,1443.5,538.3,56,16.81,523.1,15401235
"913",169,15401497,524.4,1,613.4,528.5,22,1.81,512.2,15401518
"914",264,15401788,355.3,1,530,516,27,3.77,593.1,15401814
"915",545,15402036,1428,1,352.5,606.9,63,21.14,532.3,15402098
"916",125,15402531,1483.1,1,1428.8,537.2,21,1.33,576.5,15402551
"917",84,15402997,1420.3,1,1453.6,564.3,19,0.73,579.5,15403015
"918",273,15403240,1201.4,1,1420.9,588,40,4.4,604.3,15403279
"919",145,15404211,1095.1,1,1177.6,599.5,20,1.67,597.7,15404230
"920",81,15405392,1050.1,1,1067.6,560.2,22,0.38,566.2,15405413
"921",443,15407312,504.4,1,1021.6,566.5,56,10.44,515.7,15407367
"922",470,15407597,1266,1,494.2,531.7,54,15.43,510.4,15407650
"923",561,15408066,428.5,1,1286.4,519.1,57,17.07,507.3,15408122
"924",329,15413048,826.5,1,471.1,483.6,50,7.16,514.5,15413097
"925",63,15413321,884.7,1,857.2,529.7,16,0.61,541.5,15413336
"926",383,15414367,511.9,1,901.1,544.1,44,7.95,476.1,15414410
"927",463,15414633,1326,1,527.8,479.8,58,15.95,482.8,15414690
"928",172,15414940,1382,1,1348.1,483.9,25,1.79,565.1,15414964
"929",555,15415161,474,1,1383.6,557,57,18.03,542.3,15415217
"930",182,15415554,520.9,1,492.8,545.3,26,2.48,664.7,15415579
"931",1631,15415942,1119.9,1,519.7,663.8,268,12.43,510.1,15416209
"932",362,15416662,1717,1,1116.5,480.2,55,12.38,674.2,15416716
"933",413,15417196,1041,1,1701.8,666.1,72,13.45,488.5,15417267
"934",1537,15417579,845.4,1,1021.9,510.4,168,4,425.9,15417746
"935",1023,15417997,1061.1,1,866.6,426,191,5.58,617.5,15418187
"936",308,15418577,827.3,1,1065.4,574,39,4.97,518.4,15418615
"937",198,15419408,929.3,1,818.4,541.8,23,2.27,553.3,15419430
"938",396,15419871,876.3,1,1284.6,610.3,49,8.9,447.9,15419919
"939",140,15420113,910.5,1,901.4,472.5,22,1.72,555.6,15420134
"940",94,15420550,913,1,917.7,547.9,28,0.1,548.4,15420577
"941",162,15420950,858.5,1,914.7,545,30,1.19,528.5,15420979
"942",343,15421229,571.7,1,851.7,539.6,38,5.65,524.8,15421266
"943",467,15421508,1304,1,570.4,539.5,63,14.69,545.9,15421570
"944",108,15422025,1322,1,1333.2,536.2,32,0.25,531,15422056
"945",538,15422105,515.1,1,1337.7,534.6,63,16.41,517.4,15422167
"946",426,15422544,1404.2,1,512.9,533.1,66,17.72,539.2,15422609
"947",443,15423129,51.5,1,1402.3,551.9,107,27.49,1100.1,15423235
"948",263,15423411,-123.6,1,79.3,1081.3,46,3.94,1174.8,15423456
"949",307,15423585,308.7,1,-121.1,1188,53,9.83,859.4,15423637
"950",254,15423786,101.5,1,316.2,865.5,32,4.01,870.2,15423817
"951",361,15423943,705.6,1,116.7,861.8,54,12.22,628.2,15423996
"952",321,15424045,1042,1,717.7,630.5,36,6.58,599.4,15424080
"953",279,15424513,834.7,1,1055.8,596.7,40,4.71,528.1,15424552
"954",223,15425512,963,1,829,522.5,24,2.74,534.5,15425535
"955",176,15425742,899.6,1,968.4,522.4,30,1.51,494.5,15425771
"956",59,15426977,897,1,881.9,523.3,14,0.68,552.6,15426990
"957",54,15427992,880.5,1,891.4,547.5,19,0.25,542,15428010
"958",377,15428169,1372.2,1,890.4,543.3,57,9.82,470.2,15428225
"959",139,15428485,1407.1,1,1398.6,470.2,24,1.57,546.7,15428508
"960",615,15428609,511.2,1,1417.3,540.7,64,18.01,506,15428672
"961",84,15428936,485.2,1,508,522.3,23,0.78,491.1,15428958
"962",512,15429138,1427.6,1,478,496.3,60,18.83,467.3,15429197
"963",328,15429844,921.8,1,1419.6,478.8,76,10.03,485.7,15429919
"964",61,15433669,931.5,1,929.5,483.5,14,0.72,518.5,15433682
"965",70,15433940,925.9,1,940.4,522.5,18,0.39,535.1,15433957
"966",40,15434697,914.9,1,925.5,539.7,6,0.24,544.4,15434702
"967",372,15434963,461,1,910.9,536.7,43,9.03,529,15435005
"968",497,15435259,1338.4,1,477,545.8,56,17.13,526.9,15435314
"969",176,15435484,1458.4,1,1355.9,525.5,24,2.09,548.4,15435507
"970",180,15436071,864,1,1420.6,570.8,94,11.17,599.2,15436164
"971",173,15439894,943.7,1,838.5,581.6,22,2.14,587.3,15439915
"972",74,15440608,984.9,1,950.7,560.8,13,0.7,563.5,15440620
"973",116,15440789,904,1,974.6,565.8,21,1.44,559.1,15440809
"974",40,15441559,927.5,1,928.3,546.9,16,0.1,542.3,15441574
"975",276,15441846,516,1,930.6,542.9,47,8.47,472.9,15441892
"976",224,15442064,391,1,528.8,471.8,26,2.75,492.2,15442089
"977",136,15442478,322.7,1,406.4,501.8,22,1.64,506.3,15442499
"978",501,15442600,1263.9,1,332.8,507.5,61,18.46,448.8,15442660
"979",271,15442830,1474.7,1,1271.7,452.7,41,4.1,420.7,15442870
"980",104,15443156,1486.8,1,1473.9,427.9,27,0.6,454.7,15443182
"981",160,15443607,1374.3,1,1459.1,453,22,1.69,455.2,15443628
"982",1528,15443834,881.2,1,1354.9,456.5,236,9.71,542.1,15444069
"983",1024,15444447,780.9,1,938.4,503.9,204,3.23,523.9,15444650
"984",577,15444807,747,1,824.4,503.8,533,1.58,510.6,15445339
"985",318,15445546,1018.3,1,797,508.2,31,4.55,541.1,15445576
"986",198,15445972,953.2,1,1027.4,552.4,35,1.55,534.6,15446006
"987",60,15447973,887,1,889.4,561.9,19,0.12,556.4,15447991
"988",96,15448391,891.1,1,900.3,559,29,0.19,559.5,15448419
"989",447,15448693,424.7,1,875.7,561.1,53,9.04,523.3,15448745
"990",517,15449018,1337.7,1,420.9,526.9,59,18.21,489.4,15449076
"991",190,15449376,1466.4,1,1346.1,497.4,25,2.48,465.8,15449400
"992",377,15452397,916.2,1,1365.4,492.1,47,9.06,503.8,15452443
"993",169,15454566,899.1,1,962.8,524.8,30,1.36,544.5,15454595
"994",234,15455521,1224.9,1,891.8,553.5,45,6.8,513.2,15455565
"995",546,15455830,438.8,1,1219.2,518,62,15.62,463.8,15455891
"996",120,15456198,402.7,1,447.3,479.3,20,1.37,531.3,15456217
"997",194,15457198,638.3,1,406.7,532.7,41,4.65,567.9,15457238
"998",123,15459314,803.5,1,665.9,569,41,2.78,569.3,15459354
"999",435,15462452,410.8,1,830.4,570.6,42,8.46,513.5,15462493
"1000",485,15462702,1320.6,1,418.5,526,60,17.9,562.5,15462761
"1001",178,15463035,1418.3,1,1329.6,556.6,22,1.87,586.3,15463056
"1002",94,15463792,1367.4,1,1401.5,577.7,21,0.74,592.7,15463812
"1003",401,15463968,1983.2,1,1355.6,578,64,15.38,1102.2,15464031
"1004",201,15464176,1862.3,1,1974.8,1097.2,25,2,1088.2,15464200
"1005",415,15464405,1014.5,1,1902.4,1103.6,78,19.27,613.1,15464482
"1006",212,15466114,914.2,1,1000.6,641.3,31,1.81,618.6,15466144
"1007",136,15466519,895,1,918,623.5,31,0.49,616.9,15466549
"1008",64,15468144,891.8,1,887.8,595.6,18,0.95,549.6,15468161
"1009",40,15468603,923.8,1,911.1,551.9,7,0.26,554.1,15468609
"1010",155,15468869,876.2,1,921.3,539.9,31,0.93,532.9,15468899
"1011",341,15469237,530.7,1,867.4,540.2,42,6.78,530.3,15469278
"1012",199,15469487,400.1,1,535.6,531.9,26,2.68,523.1,15469512
"1013",525,15469670,1306.2,1,402,518.8,57,17.94,528.9,15469726
"1014",124,15470163,1373.8,1,1315,540.8,23,1.61,595.1,15470185
"1015",202,15470437,719.3,1,1366.8,600.8,98,12.98,644.5,15470534
"1016",1411,15470636,671.6,1,669.9,635.3,236,1.4,566.6,15470871
"1017",422,15471309,1330.9,1,692.2,555.6,64,12.92,641.5,15471372
"1018",1014,15471552,1861.5,1,1342.1,651.8,175,9.96,699.9,15471726
"1019",365,15472208,1184,1,1886.5,700.3,74,13.59,605.3,15472281
"1020",274,15472554,973.6,1,1149.7,607.6,40,3.61,579.4,15472593
"1021",161,15472864,887.5,1,984.2,572.7,23,1.98,562.6,15472886
"1022",260,15474139,691.5,1,876,533.8,39,3.85,489.5,15474177
"1023",155,15474987,883.6,1,937.7,507.7,25,1.57,562.3,15475011
"1024",148,15475239,959.8,1,893.4,564.7,23,1.36,571.5,15475261
"1025",156,15475425,903.7,1,950.2,575.3,31,0.98,562.7,15475455
"1026",69,15475689,902.1,1,891.6,568.5,19,0.61,540.6,15475707
"1027",309,15476093,561.9,1,874.6,538.2,41,6.35,503.1,15476133
"1028",179,15476310,475.3,1,579.4,506.8,26,2.13,482.1,15476335
"1029",447,15476536,1265.6,1,483.3,496,56,15.66,459.2,15476591
"1030",221,15476791,1376.3,1,1269.5,465,32,2.14,461.3,15476822
"1031",109,15477029,1408.9,1,1392.5,471.4,21,1.22,529.1,15477049
"1032",594,15477241,477.8,1,1411.5,525,58,18.51,531.9,15477298
"1033",202,15477501,592.9,1,487.1,538.2,21,2.22,503.6,15477521
"1034",444,15477837,1369.2,1,625.7,493.2,53,14.9,491.7,15477889
"1035",335,15478664,933.4,1,1369.3,491.6,52,8.82,529.3,15478715
"1036",71,15480485,963.5,1,930.3,514.5,12,0.71,524.8,15480496
"1037",163,15480802,889.8,1,972.1,515.7,25,1.68,519.2,15480826
"1038",168,15481854,898,1,948.9,520.3,31,1.17,547,15481884
"1039",46,15482469,925.1,1,906.4,555.6,9,0.38,555.1,15482477
"1040",53,15482699,911.2,1,916.8,553.6,18,0.14,550,15482716
"1041",247,15482998,560.5,1,895.8,552.4,49,6.77,527,15483046
"1042",239,15483190,422.2,1,570.2,530.6,24,2.94,522.5,15483213
"1043",518,15483386,1276.5,1,430.1,526.9,55,16.84,534,15483440
"1044",118,15483739,1332.4,1,1286.5,540.3,22,1.35,588.8,15483760
"1045",152,15484113,1475,1,1336.5,579.3,36,2.75,581.7,15484148
"1046",636,15484710,428.4,1,1439.2,588.3,160,19.9,635.3,15484869
"1047",1108,15485249,532.5,1,508,619.8,160,1.11,570.7,15485408
"1048",1389,15485855,924.1,1,559,537.3,193,7.6,632.2,15486047
"1049",259,15487172,732.1,1,894,613.4,46,3.98,503.3,15487217
"1050",323,15487685,1296.7,1,734.7,513.5,61,11.49,613.3,15487745
"1051",228,15488478,781.3,1,623,526.2,27,3.2,528.6,15488504
"1052",224,15488691,893.2,1,798.5,519.5,34,1.96,536.9,15488724
"1053",193,15489278,798.4,1,898.2,550.5,25,2.07,530.5,15489302
"1054",390,15489820,429.5,1,808.7,526.3,52,7.7,462.5,15489871
"1055",550,15490079,1365.5,1,423.6,476,67,18.69,480.4,15490145
"1056",272,15490462,1591.7,1,1398.5,490.2,29,3.83,513.8,15490490
"1057",665,15490838,383.6,1,1577,525,89,30.91,1751.8,15490926
"1058",323,15491383,553.9,1,394.9,1761.5,74,14.8,930.9,15491456
"1059",396,15491638,1226.5,1,573.8,926.3,75,16.36,429.2,15491712
"1060",270,15493671,970.4,1,1200.2,441.9,43,4.79,491.4,15493713
"1061",487,15494876,1643.4,1,954.2,498.5,81,15.32,858.9,15494956
"1062",138,15495380,852.5,1,875.1,451.3,27,1.8,535.7,15495406
"1063",194,15495571,949.2,1,843.2,550.1,25,2.16,559.8,15495595
"1064",88,15495770,901.3,1,932.5,555,20,0.66,546.6,15495789
"1065",420,15496672,503.2,1,921.1,541.8,53,8.41,524.1,15496724
"1066",159,15496857,479.9,1,492.2,539.7,21,1.79,452.6,15496877
"1067",509,15496986,1316.4,1,494.4,455.4,66,16.47,526,15497051
"1068",295,15497284,1606.9,1,1361.7,534.1,36,4.82,524.9,15497319
"1069",313,15497771,1257.4,1,1580.7,526.5,44,6.45,486.7,15497814
"1070",303,15498079,923.3,1,1245.4,494.1,45,6.55,469.9,15498123
"1071",197,15498845,792.2,1,911.3,482.1,24,2.46,501.6,15498868
"1072",204,15499382,922.6,1,802.5,495.8,24,2.49,518.8,15499405
"1073",147,15502833,907.9,1,937.8,517.3,32,0.9,549.4,15502864
"1074",170,15503405,834.3,1,908.9,551.2,29,1.72,511.8,15503433
"1075",368,15503559,492.9,1,831.7,515.3,39,6.81,497.8,15503597
"1076",415,15503888,1297.6,1,500.3,507.7,59,15.92,516.8,15503946
"1077",225,15504189,1419.2,1,1305.2,510.7,25,2.54,566.4,15504213
"1078",417,15506900,791.9,1,1319.8,550.8,53,10.7,500.3,15506952
"1079",338,15510637,529.9,1,819.6,501.5,39,5.86,473.7,15510675
"1080",491,15511168,1284.2,1,570.1,479.5,54,14.33,482.2,15511221
"1081",381,15513872,850.8,1,1229.4,485.8,49,7.78,550.1,15513920
"1082",433,15517673,455.4,1,911.3,551.4,44,9.26,476.5,15517716
"1083",69,15517920,510.1,1,474.3,473.9,13,0.71,472.9,15517932
"1084",138,15518095,426.1,1,509.1,471.2,22,1.64,471,15518116
"1085",1335,15518341,1221,1,443.4,485.7,205,16.19,726.6,15518545
"1086",303,15518655,1598.8,1,1231,712.3,45,7.28,767.7,15518699
"1087",316,15518815,1943.2,1,1603,763.2,50,6.84,904.2,15518864
"1088",177,15519000,1912.9,1,1977.6,920.5,29,2.13,1017.6,15519028
"1089",795,15519336,435.8,1,1896.6,1024.2,248,26.92,1162.2,15519583
"1090",1494,15519805,813.8,1,491.1,1131.2,213,11.6,632.8,15520017
"1091",264,15520553,1074.4,1,826.7,635.5,42,5.17,574.7,15520594
"1092",280,15521183,863.2,1,1061.5,585.6,43,4.46,492.8,15521225
"1093",47,15521561,879.9,1,861.6,514.9,9,0.38,510.3,15521569
"1094",1597,15521672,872.5,1,892.5,517.9,149,0.43,525.2,15521820
"1095",253,15522214,1136.7,1,894.9,520.3,128,4.94,546.6,15522341
"1096",114,15522646,859.5,1,822.7,478.4,27,0.88,501,15522672
"1097",119,15522909,943,1,894.3,506.2,22,1.29,546,15522930
"1098",85,15523191,921.8,1,943.3,533.2,23,0.46,527.1,15523213
"1099",180,15523516,857.7,1,916.3,532.2,31,1.27,511.1,15523546
"1100",156,15523797,915.5,1,839.4,517.2,23,1.55,521.5,15523819
"1101",385,15524035,511.6,1,901.7,523.2,53,7.85,512.5,15524087
"1102",546,15524344,1371.6,1,505.7,524.1,67,17.24,498.6,15524410
"1103",74,15524778,1401,1,1427.3,503.4,17,0.71,526.7,15524794
"1104",1304,15524916,503.1,1,1407.7,530.6,164,17.96,559.1,15525079
"1105",325,15525285,968.6,1,500.3,551.1,58,9.42,581.2,15525342
"1106",532,15525555,1397.1,1,1013.9,605.1,181,7.69,592.1,15525735
"1107",370,15525849,1870.7,1,1387.5,603.9,56,9.28,660.9,15525904
"1108",556,15526368,1299.4,1,1926.5,688.2,63,15.07,1193.3,15526430
"1109",354,15526667,1120,1,1300.4,1192,54,10.66,673.2,15526720
"1110",266,15526890,915,1,1109.2,688.7,53,5.22,520.7,15526942
"1111",315,15527587,1168.5,1,876.5,518.5,52,6.05,577.7,15527638
"1112",276,15528163,1019.9,1,1198.7,572,26,3.63,560.1,15528188
"1113",68,15528823,970.8,1,982,550.3,18,0.27,543.4,15528840
"1114",60,15529136,961.7,1,976.1,553.7,39,0.37,542.9,15529174
"1115",79,15529609,1003.5,1,962.9,535.8,20,0.86,546.8,15529628
"1116",199,15529808,913.5,1,991.5,540.6,33,1.59,546.6,15529840
"1117",152,15530792,861.9,1,915.6,552.2,31,1.16,533.5,15530822
"1118",394,15530942,470.5,1,859.9,540.3,52,7.93,473.1,15530993
"1119",523,15531221,1302,1,459,484.5,56,16.83,538.4,15531276
"1120",212,15531547,1499.8,1,1334.2,538.2,30,3.28,532.8,15531576
"1121",405,15531906,371.5,1,1497.4,532.2,90,22.11,472.3,15531995
"1122",101,15532256,395.4,1,364.9,480,22,1.35,539.7,15532277
"1123",67,15532539,379.9,1,401.7,534.5,17,0.46,543.4,15532555
"1124",108,15532748,373.4,1,380.9,529,20,1.26,466.9,15532767
"1125",1173,15532903,1100.8,1,384.6,492.9,249,14.3,531.1,15533151
"1126",863,15533324,865.2,1,1114.5,553.3,183,5.11,521.4,15533506
"1127",707,15533760,1300.1,1,872.2,506,165,8.73,563.7,15533924
"1128",333,15534184,935.2,1,1286.4,544.6,42,7.12,522.4,15534225
"1129",1528,15534778,752.5,1,960.4,566.9,148,4.29,528.6,15534925
"1130",271,15535292,957.7,1,770,506,29,3.88,541.5,15535320
"1131",55,15535793,938.1,1,950.3,544.3,20,0.27,549.7,15535812
"1132",104,15536622,899.2,1,934.4,547.5,22,0.72,549.8,15536643
"1133",95,15537121,910,1,924.1,553.8,26,0.42,538.9,15537146
"1134",61,15537418,929.8,1,899.5,539.3,13,0.62,539.3,15537430
"1135",388,15537759,577.7,1,925.1,529.4,51,7.01,519.1,15537809
"1136",508,15538022,1395.6,1,571.9,527,63,16.49,468,15538084
"1137",169,15538400,1466.6,1,1418.9,475.6,30,0.99,490,15538429
"1138",152,15538945,1618,1,1464.1,486.4,42,3.12,527.5,15538986
"1139",130,15539336,1620.8,1,1599.7,527.8,30,2.38,645.1,15539365
"1140",434,15539815,1032.7,1,1612.3,653.8,59,12.61,396,15539873
"1141",281,15540362,819.6,1,1049.1,426.6,43,4.85,489.1,15540404
"1142",67,15541201,855.3,1,824.5,491.5,11,0.64,497.9,15541211
"1143",101,15541591,881,1,856.1,492.8,22,0.75,519.6,15541612
"1144",79,15542143,911,1,878.7,514.3,18,0.68,505.7,15542160
"1145",83,15542470,930.4,1,913.2,486.6,22,0.43,498.9,15542491
"1146",167,15542830,865.8,1,936.4,489,45,1.45,481.1,15542874
"1147",168,15543445,939.9,1,866.5,487.5,24,1.91,545,15543468
"1148",59,15543691,913.4,1,936.5,545.1,9,0.48,550.5,15543699
"1149",406,15544600,464.8,1,922.5,546.3,45,9.33,468.1,15544644
"1150",482,15544910,1375.5,1,481.9,476.3,59,17.79,504.1,15544968
"1151",1138,15546409,409.4,1,1320.8,510.3,181,18.07,536.9,15546589
"1152",1148,15547003,164.4,1,477.7,529.4,227,6.27,614,15547229
"1153",227,15547630,18.7,1,182.8,621.9,25,3.07,642.6,15547654
"1154",410,15548058,1161.3,1,7.4,632,96,22.21,533.4,15548153
"1155",398,15548682,872,1,1190.4,526.6,51,6.47,510.4,15548732
"1156",107,15550318,917.5,1,945.1,532.9,25,0.58,540.5,15550342
"1157",432,15551445,488.4,1,909.4,565.1,43,8.5,519.1,15551487
"1158",492,15551725,1378.8,1,506.2,523.8,57,17.35,524.9,15551781
"1159",313,15552242,1211.5,1,1387.8,523.8,28,3.97,613.1,15552269
"1160",271,15552770,516.6,1,1187.4,629.6,105,16.7,1160.9,15552874
"1161",881,15553189,1275.5,1,534.3,1156.4,235,15.91,804.7,15553423
"1162",233,15554315,1441.4,1,1222.7,761.6,54,4.4,722.1,15554368
"1163",412,15555054,858.9,1,1450.6,713.1,55,12.38,530,15555108
"1164",1177,15556085,777.7,1,866.6,584.8,157,1.95,548.4,15556241
"1165",129,15556946,865,1,803.4,516.8,24,1.55,561.1,15556969
"1166",150,15557176,920.9,1,871.1,551.7,28,1.04,562.6,15557203
"1167",81,15557421,931.8,1,930.3,567,25,0.27,553.8,15557445
"1168",42,15557884,921.1,1,908.1,555,6,0.26,554.8,15557889
"1169",460,15558335,462.4,1,919.3,557.6,55,9.18,527.9,15558389
"1170",90,15558706,493.8,1,459.1,535,16,0.84,558.9,15558721
"1171",506,15558765,1424.9,1,494,558,70,18.53,476.6,15558834
"1172",242,15559363,1258.3,1,1444.1,491,36,3.79,528.8,15559398
"1173",1341,15559681,698.5,1,1237,528.7,219,10.88,503,15559899
"1174",166,15560282,892.3,1,781.9,478.6,24,2.3,501.7,15560305
"1175",108,15561209,976.4,1,914,499.7,20,1.31,514.2,15561228
"1176",72,15561989,943.4,1,963.2,523.7,18,0.4,524.2,15562006
"1177",184,15563079,838.1,1,924.8,508.9,23,1.83,533.3,15563101
"1178",191,15563883,889.5,1,951.7,511.7,32,1.28,504.2,15563914
"1179",138,15564078,930.4,1,878.9,505.3,24,1.23,536.5,15564101
"1180",116,15564620,918.7,1,944.8,546.1,29,0.64,529.1,15564648
"1181",155,15564918,827.9,1,908.8,530.4,26,1.67,517,15564943
"1182",414,15565172,444.9,1,831.4,512.1,49,7.81,462.1,15565220
"1183",542,15565429,1380.6,1,434.1,471.7,60,18.78,510.4,15565488
"1184",597,15565775,415.4,1,1383.4,521.7,69,19.16,497.3,15565843
"1185",546,15566135,1485.6,1,418.2,507.6,65,20.99,500.4,15566199
"1186",389,15566812,966.7,1,1466.7,512.2,52,10.07,564.9,15566863
"1187",991,15567649,977.7,1,949.1,565.7,240,5.16,818.8,15567888
"1188",180,15567943,893.1,1,975.9,809.6,25,2.74,701.5,15567967
"1189",257,15568545,940.9,1,902,664.9,89,6.59,993.9,15568633
"1190",242,15568790,818.3,1,924.7,976,45,4.39,781.1,15568834
"1191",310,15569007,818.2,1,836.2,790.4,47,6.29,481.6,15569053
"1192",181,15570069,902,1,784.6,530.5,26,2.44,505.8,15570094
"1193",69,15570816,921.8,1,875.2,479.6,19,0.96,472.2,15570834
"1194",213,15570983,838.6,1,916,475.9,33,2.08,541.4,15571015
"1195",77,15571686,872.4,1,831.3,566.3,14,0.87,553.8,15571699
"1196",96,15571884,849.3,1,872.9,547,22,0.66,524.7,15571905
"1197",387,15572068,481,1,852.1,535.6,51,7.45,542.3,15572118
"1198",446,15572323,1243,1,478.2,552.7,56,15.32,496.8,15572378
"1199",551,15572744,400.2,1,1231.8,495.9,65,16.58,560,15572808
"1200",163,15573420,543.4,1,409,575,26,2.65,578.5,15573445
"1201",189,15574675,701.2,1,568.9,563.4,24,2.65,561.2,15574698
"1202",217,15575026,957.5,1,728.9,556,41,4.64,567.4,15575066
"1203",209,15576531,816.6,1,952.3,564.2,26,2.77,549.4,15576556
"1204",68,15577512,889.9,1,857.6,544.7,12,0.66,544.2,15577523
"1205",50,15577901,891,1,890.5,532.7,16,0.34,549.1,15577916
"1206",52,15578450,901.2,1,880.8,554.4,9,0.43,559.3,15578458
"1207",150,15578827,843.6,1,897.2,560.5,31,1.1,552.6,15578857
"1208",423,15578927,462.2,1,842.8,559.2,51,7.64,537,15578977
"1209",513,15579258,1365.2,1,451.4,557,69,18.16,504.4,15579326
"1210",123,15579599,1401.7,1,1394.3,509.5,27,1.4,577.9,15579625
"1211",243,15579827,1518.6,1,1410.5,571.6,30,3.92,409.4,15579856
"1212",398,15580339,1288.1,1,1537.2,408.1,32,6.3,600.8,15580370
"1213",533,15582028,780.2,1,1238.2,607.6,171,9.33,550.2,15582198
"1214",263,15582823,582.3,1,801.5,502.2,40,4.47,535.3,15582862
"1215",269,15583420,889.4,1,605.4,555,43,5.79,518.5,15583462
"1216",53,15584791,916.9,1,891.6,555,11,0.54,562.7,15584801
"1217",109,15585300,878.6,1,924.4,577,21,1,558.9,15585320
"1218",382,15585713,460.1,1,870.5,553.6,42,8.28,508.6,15585754
"1219",147,15585934,403.4,1,472.7,510.5,23,1.54,545.2,15585956
"1220",526,15586116,1368.5,1,413.4,540.3,60,18.9,511.2,15586175
"1221",142,15586506,1437.1,1,1386.2,515.8,23,1.05,501.8,15586528
"1222",68,15586773,1412.3,1,1439.8,506.5,15,0.76,480.8,15586787
"1223",1577,15587180,-514.1,1,1403,491.3,296,34.6,892.4,15587475
"1224",304,15587516,59.7,1,-505.2,860.5,49,9.63,809.6,15587564
"1225",490,15587799,1345.3,1,97.6,790,76,24.16,604.8,15587874
"1226",415,15588249,943.4,1,1358.4,599.6,46,8.5,523.8,15588294
"1227",94,15590407,937.7,1,922.6,537.4,28,0.33,531.2,15590434
"1228",76,15591596,930.1,1,936.1,519.6,23,0.24,529.6,15591618
"1229",65,15592119,934.3,1,935,544.4,24,0.04,542.4,15592142
"1230",61,15592385,936.9,1,924,541.3,18,0.26,541.1,15592402
"1231",430,15592587,486.5,1,928.9,535.3,52,8.97,477.3,15592638
"1232",462,15592889,1239.1,1,479.8,486.4,63,15.19,497.7,15592951
"1233",228,15593173,1405.7,1,1262.2,500.6,27,2.87,499.1,15593199
"1234",412,15594097,788.7,1,1391,505.7,73,12.12,506.3,15594169
"1235",162,15594457,862.7,1,793,515,23,1.51,540.1,15594479
"1236",157,15594790,935.1,1,869.9,538.4,24,1.33,539.9,15594813
"1237",123,15595079,956.5,1,928.5,546.5,27,0.6,538.2,15595105
"1238",119,15595620,936.6,1,965.8,556,28,0.6,551.8,15595647
"1239",114,15595932,910.2,1,936.3,546.6,29,0.55,539.8,15595960
"1240",38,15596367,928,1,917.5,537.3,7,0.24,542.6,15596373
"1241",42,15596761,926.4,1,932,536.1,17,0.12,534.9,15596777
"1242",180,15597375,884.3,1,930.4,546.3,33,1.05,524,15597407
"1243",65,15598689,910.5,1,924.1,542.3,20,0.28,542.7,15598708
"1244",431,15599421,469.1,1,925.3,554.3,56,9.15,537.5,15599476
"1245",135,15599644,443.9,1,459.7,547.5,21,1.58,471.1,15599664
"1246",508,15599804,1345.6,1,446.8,475.4,58,17.88,506.3,15599861
"1247",143,15600215,1431.9,1,1353.1,510.4,21,1.57,510.3,15600235
"1248",193,15601091,1337.7,1,1400,517.1,32,1.29,533.8,15601122
"1249",68,15601416,1314.2,1,1322,533.6,12,0.69,566.5,15601427
"1250",301,15601605,1006.7,1,1316.5,569.7,45,6.25,567.3,15601649
"1251",144,15601938,969.3,1,1010.7,572.8,30,0.85,567.1,15601967
"1252",87,15602712,925.2,1,945.7,577.5,22,0.52,562,15602733
"1253",49,15604025,938.4,1,919.1,554.9,9,0.4,557.4,15604033
"1254",60,15604431,929.1,1,927.7,544.1,20,0.05,545.8,15604450
"1255",72,15605205,918.5,1,940.8,551.4,20,0.47,546,15605224
"1256",64,15605561,921.2,1,933.6,547.8,19,0.28,541.9,15605579
"1257",166,15606162,827.7,1,924.3,542.3,22,1.97,542,15606183
"1258",331,15606284,554.2,1,834.5,546.2,38,5.69,513.5,15606321
"1259",466,15606553,1373.2,1,554.3,523.4,58,16.35,517.3,15606610
"1260",265,15606835,1560.8,1,1383.5,515,26,3.58,555.3,15606860
"1261",1131,15606983,1499.9,1,1579.2,567.5,159,1.57,579.7,15607141
"1262",282,15607788,1249,1,1492.4,562.7,41,4.87,590.7,15607828
"1263",290,15608103,962.9,1,1229.6,596,43,5.41,573.3,15608145
"1264",562,15608338,919.1,1,977.8,599.8,206,1.21,589.4,15608543
"1265",225,15608914,1046.7,1,906.1,562.4,27,2.86,557.6,15608940
"1266",275,15609269,927.6,1,1039,555.2,38,2.29,540.2,15609306
"1267",52,15610013,906.4,1,884.3,549.4,10,0.45,550.3,15610022
"1268",168,15610662,876.9,1,935.8,540.2,32,1.21,548.2,15610693
"1269",87,15611166,912.1,1,867.7,549.1,16,0.92,558,15611181
"1270",115,15611796,945.8,1,907.2,555.5,22,0.79,554.1,15611817
"1271",121,15612021,907.5,1,951.5,558.3,23,0.9,553.6,15612043
"1272",225,15612645,818.2,1,921,559.7,32,2.11,546.1,15612676
"1273",144,15612988,887.8,1,806.4,544.1,21,1.65,543.5,15613008
"1274",458,15613117,437.9,1,884.6,535.2,61,8.94,538.8,15613177
"1275",140,15613447,380.4,1,456.2,539.8,20,1.53,557.6,15613466
"1276",538,15613599,1318.4,1,391,563.2,65,18.36,530.7,15613663
"1277",160,15613923,1422.3,1,1330.5,529.9,23,1.84,522.1,15613945
"1278",591,15614165,463.7,1,1410.7,521.8,59,18.76,540.8,15614223
"1279",170,15614495,379.4,1,475.9,546.1,23,1.9,549,15614517
"1280",1184,15614766,770.9,1,397.1,562.4,183,7.45,577.5,15614948
"1281",1161,15615267,689.6,1,819.5,567.2,264,3,639,15615530
"1282",325,15615852,1088.2,1,699.3,606.9,46,7.92,557.7,15615897
"1283",161,15617177,1021.5,1,1067,580.6,30,1.06,555,15617206
"1284",74,15618021,986.3,1,1003.3,555,19,0.35,557.6,15618039
"1285",163,15618831,917,1,864.8,522.3,31,1.19,547.9,15618861
"1286",74,15619077,911.4,1,921.3,545.2,24,0.2,545.9,15619100
"1287",264,15620031,510.1,1,937.4,551,49,8.67,497.4,15620079
"1288",246,15620301,384.3,1,527.1,499.3,25,2.82,490.8,15620325
"1289",494,15620682,1329.6,1,389,493.8,61,18.63,513.9,15620742
"1290",186,15621009,1430.6,1,1323,520.8,23,2.14,521.8,15621031
"1291",240,15621608,1221.4,1,1424.1,519.3,29,4.06,528.9,15621636
"1292",274,15621915,936.2,1,1185.2,521,45,5.06,521.5,15621959
"1293",211,15622216,816.3,1,941.1,527.8,24,2.56,544.6,15622239
"1294",46,15622488,853.3,1,835.4,543.3,16,0.48,558.8,15622503
"1295",162,15623254,991.4,1,894,551,24,1.98,546.2,15623277
"1296",161,15623847,946.4,1,979,534.4,32,0.67,532.4,15623878
"1297",73,15625424,929.3,1,895,539.1,13,0.73,549.4,15625436
"1298",46,15625811,924,1,909.4,556,7,0.31,559.5,15625817
"1299",72,15626112,919.1,1,922.8,554.9,24,0.15,548.5,15626135
"1300",94,15626722,908.8,1,928.4,552.1,28,0.41,556.5,15626749
"1301",469,15626856,452.8,1,900.7,561.1,55,9.02,513.7,15626910
"1302",481,15627168,1311.6,1,443.3,521.9,67,17.26,520.5,15627234
"1303",1132,15627905,953.2,1,1333.2,519.6,362,7.67,511.7,15628266
"1304",301,15628746,1494.6,1,966.6,491.2,62,11.21,679.4,15628807
"1305",251,15629050,1925.2,1,1469.4,663.8,74,9.42,868.6,15629123
"1306",614,15629343,1071.8,1,1931.4,881.9,71,17.71,538.6,15629413
"1307",271,15629710,907.3,1,1052.5,556.4,31,3.18,499.6,15629740
"1308",204,15630186,990.3,1,873.6,505,26,2.4,520.9,15630211
"1309",152,15630540,940.2,1,977.8,511.4,30,0.78,503.5,15630569
"1310",193,15631342,1049.6,1,932.7,513.3,25,2.4,526.6,15631366
"1311",195,15631620,982.7,1,1047.1,529.4,34,1.33,519.6,15631653
"1312",54,15632640,899.6,1,891.3,523.8,15,0.59,551.4,15632654
"1313",68,15633026,951.7,1,920.8,558,19,0.87,528.9,15633044
"1314",390,15633685,611.5,1,946,533,52,6.88,473.2,15633736
"1315",445,15634001,1321,1,602.2,465.8,54,14.44,503.5,15634054
"1316",198,15634263,1421.4,1,1337.1,516.4,25,2.19,585.4,15634287
"1317",562,15634540,619.8,1,1431.5,591.7,63,16.34,480.9,15634602
"1318",127,15634904,536.8,1,592.8,474.7,23,1.18,457.1,15634926
"1319",456,15635376,1432.3,1,542.3,439.5,63,17.76,486.9,15635438
"1320",173,15635705,1381.5,1,1433.7,505.7,30,1.39,551.3,15635734
"1321",320,15636256,1018.5,1,1358.8,566.2,56,6.86,550,15636311
"1322",1058,15636971,952.7,1,1003,582.9,206,1.03,578.9,15637176
"1323",171,15637831,1159.9,1,1000.7,536.2,38,3.24,549.2,15637868
"1324",292,15638187,951.2,1,1139.7,542.7,28,3.86,565.6,15638214
"1325",391,15638701,959.6,1,961.6,586.3,110,0.93,631.5,15638810
"1326",180,15639400,919,1,1016.5,584.7,24,2.07,556.2,15639423
"1327",247,15640553,1224.7,1,910.7,550.2,45,6.36,554.4,15640597
"1328",542,15640744,430.9,1,1226.8,558.2,75,15.88,517.7,15640818
"1329",536,15641006,1406.5,1,448,520.3,68,19,474.2,15641073
"1330",596,15641334,426.6,1,1432.2,476.5,73,19.99,599.9,15641406
"1331",553,15641672,1473.3,1,421.1,612.9,71,20.84,490.8,15641742
"1332",679,15642000,494.7,1,1511,496.3,71,20.07,515.3,15642070
"1333",144,15642689,581.6,1,485.6,533.5,24,2.09,575.5,15642712
"1334",180,15642947,619.7,1,616.4,593.7,40,4.02,793.3,15642986
"1335",116,15643156,676.5,1,625.5,790.5,22,1.79,865,15643177
"1336",179,15643345,864,1,695,874.5,38,3.81,785.1,15643382
"1337",204,15643636,1172.1,1,885.8,792,63,7.96,521.5,15643698
"1338",166,15643845,1362.7,1,1174.3,527.8,43,3.81,506.6,15643887
"1339",105,15644240,1430.8,1,1359,493.6,23,1.44,503.4,15644262
"1340",135,15644673,1324.2,1,1405.9,490.4,22,1.63,495.7,15644694
"1341",255,15644910,1130.2,1,1336.3,483,45,4.17,469.5,15644954
"1342",172,15645057,1291.8,1,1139.2,473.7,33,3.1,458.9,15645089
"1343",57,15645283,1291.7,1,1266.9,454.6,10,0.5,454.5,15645292
"1344",237,15645556,1127,1,1299.9,447.3,27,3.5,445,15645582
"1345",153,15646230,914.2,1,958.6,474.9,23,1.77,548.6,15646252
"1346",55,15646458,924.6,1,908.5,546.1,18,0.33,548.4,15646475
"1347",55,15646987,908.2,1,916.3,548,19,0.18,544.4,15647005
"1348",106,15647276,876.4,1,916.7,542.3,24,0.83,536.4,15647299
"1349",429,15647399,507.5,1,881,535,42,7.54,507.3,15647440
"1350",452,15647754,1323.6,1,515.8,507.1,58,16.13,533,15647811
"1351",227,15648024,1494.3,1,1334.2,538.6,27,3.19,554.7,15648050
"1352",596,15648289,575.4,1,1489.5,562.6,67,18.15,514.3,15648355
"1353",90,15648857,562.3,1,551.4,544.6,32,0.41,561.8,15648888
"1354",57,15649073,570.7,1,554.4,540.4,12,0.59,564.5,15649084
"1355",1237,15649562,693.2,1,631.2,586.2,215,1.43,551.5,15649776
"1356",217,15651273,870.4,1,684.2,573.9,40,4.17,488,15651312
"1357",230,15651960,729.8,1,871,491.6,26,2.88,477.8,15651985
"1358",192,15652290,852.4,1,744.2,469.3,38,2.2,463.8,15652327
"1359",131,15653106,883,1,843.2,473.8,26,1.51,535.7,15653131
"1360",908,15653573,853.8,1,911.3,551.9,193,1.18,542.8,15653765
"1361",131,15654006,924.7,1,874.2,524.4,23,1.18,552.3,15654028
"1362",167,15654387,847.1,1,922.4,553.4,24,1.72,515.4,15654410
"1363",366,15655037,431.2,1,840.1,511.4,42,8.18,509.6,15655078
"1364",487,15655314,1324.3,1,440.5,519.2,69,17.59,481.5,15655382
"1365",644,15655545,404.1,1,1347.5,486.6,67,18.72,549.5,15655611
"1366",170,15656286,606.2,1,420,543.2,31,3.74,572.6,15656316
"1367",151,15656503,793.3,1,660.7,576.1,24,2.69,563,15656526
"1368",194,15656712,976.5,1,847.3,543.7,24,2.63,543.2,15656735
"1369",227,15657417,841.1,1,999.4,528.3,29,3.23,513.6,15657445
"1370",1422,15657871,945.3,1,868.6,546.8,321,1.72,581.8,15658191
"1371",74,15658369,926,1,946.1,543.6,19,0.43,536.5,15658387
"1372",121,15658826,1009.9,1,931.4,543.1,20,1.61,554,15658845
"1373",159,15659107,946.4,1,1006,557.6,30,1.22,551,15659136
"1374",110,15659945,969.9,1,907.1,559.4,19,1.28,555,15659963
"1375",123,15660749,925.1,1,959.5,543.2,28,0.7,545.5,15660776
"1376",136,15661487,850.6,1,916.1,549.6,22,1.33,549.3,15661508
"1377",157,15661699,925.4,1,861.1,543.1,31,1.32,535.5,15661729
"1378",368,15661908,533.1,1,931.6,536.8,52,8.11,481.7,15661959
"1379",505,15662110,1361.9,1,534.8,492.1,76,16.51,487.7,15662185
"1380",63,15662396,1379.9,1,1363.3,502.2,14,0.66,530.4,15662409
"1381",586,15662550,513.9,1,1379,525.3,62,17.2,545.8,15662611
"1382",52,15662813,494,1,500.1,556.9,10,0.47,534.6,15662822
"1383",194,15663185,689.3,1,504,530,36,3.74,555.1,15663220
"1384",75,15663441,679.4,1,700.8,565.4,14,0.82,599.5,15663454
"1385",55,15663655,702.2,1,683.5,615.6,16,0.7,644.7,15663670
"1386",202,15664313,990.9,1,724.1,646.2,44,5.53,585.7,15664356
"1387",377,15665598,1357.3,1,957.6,592.4,52,10.52,937.4,15665649
"1388",425,15665894,932.4,1,1350.1,929.6,55,10.84,581.7,15665948
"1389",76,15667346,915.9,1,947.9,586.7,18,0.74,569.7,15667363
"1390",92,15667643,884.5,1,923.4,566.8,20,0.81,559.2,15667662
"1391",333,15668713,570.6,1,894.5,561.5,44,6.53,542.7,15668756
"1392",486,15668948,1300.1,1,582.8,553.1,64,14.38,539.7,15669011
"1393",182,15669207,1471.2,1,1334.9,538.4,32,2.78,506.4,15669238
"1394",127,15669956,1570.1,1,1464.7,504.2,28,2.08,517.8,15669983
"1395",329,15670147,1135.2,1,1547.1,520.6,45,8.21,541.2,15670191
"1396",276,15670368,851.6,1,1126.7,545.4,44,5.64,584.5,15670411
"1397",87,15671942,878,1,886.4,587.5,26,0.23,594.8,15671967
"1398",1428,15672069,869.4,1,881.4,609.1,153,0.38,594.6,15672221
"1399",201,15674448,956.6,1,841.4,560.2,25,2.34,558.7,15674472
"1400",70,15674684,928.7,1,951,563.4,20,0.5,553,15674703
"1401",74,15675301,917.6,1,927.7,561,21,0.22,557.4,15675321
"1402",337,15675605,539.3,1,912.9,561,52,7.65,492.9,15675656
"1403",478,15675870,1310.3,1,538,492.3,62,15.46,485.5,15675931
"1404",228,15676541,1063.1,1,1339.1,487.2,45,5.6,511.8,15676585
"1405",185,15676951,1288,1,1048.6,514.7,49,5.61,654,15676999
"1406",335,15677510,736,1,1298.8,640.5,57,11.47,746.1,15677566
"1407",180,15678055,668.8,1,747.4,735.6,42,3.95,557,15678096
"1408",311,15678297,-100.1,1,678,567.2,94,14.73,621.1,15678390
"1409",338,15678692,927.6,1,-60.5,611.9,79,19.02,492.6,15678770
"1410",66,15679369,951.2,1,940.4,491.2,19,0.68,522.4,15679387
"1411",114,15679695,930.9,1,968.3,510.7,22,0.79,520.8,15679716
"1412",136,15680407,899.3,1,939.6,519.1,28,0.82,516.2,15680434
"1413",122,15681334,959.9,1,901.4,536.7,22,1.21,546.1,15681355
"1414",78,15681497,904.8,1,943.6,547.8,19,0.79,551,15681515
"1415",135,15681876,873.5,1,911.4,552,32,0.84,536.3,15681907
"1416",378,15682458,558.4,1,882.8,545.3,41,6.55,519.9,15682498
"1417",433,15682752,1275.7,1,566.4,516.6,55,14.23,513.7,15682806
"1418",270,15683059,1507.2,1,1283.3,519.9,33,4.45,528.5,15683091
"1419",284,15683468,1194.4,1,1503.2,529.3,47,6.18,558.4,15683514
"1420",176,15683631,798.3,1,1188.7,564.7,80,7.91,546.2,15683710
"1421",110,15683856,844.9,1,766.6,484.9,22,1.64,503.8,15683877
"1422",984,15683962,352.9,1,864.4,527.2,246,10.2,560.7,15684207
"1423",290,15685031,898,1,384,548.8,58,10.25,543.2,15685088
"1424",35,15686154,900.7,1,891.7,574.7,6,0.19,576.1,15686159
"1425",40,15686964,907.1,1,907.9,550.6,7,0.26,563.2,15686970
"1426",86,15688258,914.9,1,885,558.1,19,0.69,574.5,15688276
"1427",180,15688517,859.6,1,925.6,572.4,32,1.5,539.7,15688548
"1428",57,15688799,862.7,1,849.6,547,17,0.27,550.3,15688815
"1429",93,15689102,820,1,854.6,554.5,21,0.7,554.8,15689122
"1430",366,15689320,527.5,1,834,555,32,6.16,545.6,15689351
"1431",467,15689639,1293.8,1,524.8,551.4,57,15.37,544.2,15689695
"1432",252,15690195,995.7,1,1296.2,540.6,48,6.11,574.3,15690242
"1433",176,15690413,892.9,1,993.4,578.6,20,2.05,589.3,15690432
"1434",182,15691252,1063.9,1,880.2,569.3,41,4.06,648.7,15691292
"1435",199,15691459,864.6,1,1057.3,643,44,4.01,597.4,15691502
"1436",181,15691713,782.7,1,895.1,599.5,24,2.28,602.3,15691736
"1437",171,15692548,894.5,1,783.2,581.2,23,2.26,576,15692570
"1438",46,15693235,904.9,1,911.3,579.9,18,0.16,575.2,15693252
"1439",188,15693603,828.4,1,908,586.3,30,1.64,573.2,15693632
"1440",50,15693884,845.4,1,826.9,580.7,8,0.38,583,15693891
"1441",98,15694946,799.5,1,758.1,557.6,22,0.84,559.6,15694967
"1442",229,15695122,941,1,806,553.6,26,2.77,574.1,15695147
"1443",126,15695476,896.3,1,938.9,571.4,23,1.03,544.4,15695498
"1444",369,15696250,555.2,1,891.4,541,51,6.84,497,15696300
"1445",113,15696577,618.3,1,538.6,498.3,22,1.61,488.3,15696598
"1446",458,15696693,1390,1,631.4,487.7,65,15.19,467.6,15696757
"1447",187,15697222,825,1,1390.3,494,112,11.42,543,15697333
"1448",183,15697686,719.9,1,827.4,524.8,22,2.27,556.2,15697707
"1449",40,15697934,728.4,1,720.3,563.3,15,0.42,582,15697948
"1450",141,15698172,835.7,1,742,588.8,21,1.91,601.5,15698192
"1451",35,15698456,876.9,1,867.4,602.2,7,0.21,606.1,15698462
"1452",120,15698978,977,1,901.6,588.8,21,1.53,588.6,15698998
"1453",150,15699156,1074.6,1,980.3,578.8,23,1.92,575.8,15699178
"1454",200,15699845,972.7,1,1097.5,559.8,25,2.54,566.8,15699869
"1455",178,15700083,876,1,980,561.8,23,2.11,562,15700105
"1456",103,15700319,977.7,1,886.1,560,27,1.86,563.3,15700345
"1457",152,15701184,861.2,1,955.6,567.5,24,1.92,568.7,15701207
"1458",54,15702357,941.5,1,921.1,573.5,8,0.41,572.7,15702364
"1459",154,15703017,1003.8,1,921,566.5,20,1.68,564.9,15703036
"1460",262,15703175,1221.8,1,1016,558.2,29,4.3,506.9,15703203
"1461",619,15703324,451.6,1,1256.1,507.6,74,16.06,488.8,15703397
